year,imdb,title,test,clean_test,binary,budget,domgross,intgross,code,budget_2013,domgross_2013,intgross_2013,period_code,decade_code,imdb_id,plot,rated,response,language,country,writer,metascore,imdb_rating,director,released,actors,genre,awards,runtime,type,poster,imdb_votes,error
1989,tt0098546,UHF,notalk,notalk,FAIL,5000000,6157157,6157157,1989FAIL,9397944,11572924,11572924,NA,NA,0098546,"A local public station gets a new owner. The station becomes a hit, with all sorts of hilarious sight gags and wacky humor.",PG-13,True,English,USA,"'Weird Al' Yankovic, Jay Levey",32,7,Jay Levey,21 Jul 1989,"'Weird Al' Yankovic, Victoria Jackson, Kevin McCarthy, Michael Richards",Comedy,N/A,97 min,movie,http://ia.media-imdb.com/images/M/MV5BMTAzMjE2NDg5NjZeQTJeQWpwZ15BbWU3MDAzNzI4NzQ@._V1_SX300.jpg,"18,714",NA
1988,tt0094612,Action Jackson,notalk,notalk,FAIL,7000000,20257000,20257000,1988FAIL,13787529,39899139,39899139,NA,NA,0094612,Vengence drives a tough Detroit cop to stay on the trail of a power hungry auto magnate who's systematically eliminating his competition.,R,True,English,USA,Robert Reneau,NA,5,Craig R. Baxley,12 Feb 1988,"Carl Weathers, Craig T. Nelson, Vanity, Sharon Stone","Action, Comedy, Crime",1 nomination.,96 min,movie,http://ia.media-imdb.com/images/M/MV5BMTc0OTI5NzgwN15BMl5BanBnXkFtZTcwNDM5MTYxMQ@@._V1_SX300.jpg,"6,213",NA
1988,tt0094625,Akira,notalk,notalk,FAIL,8000000,19585,19585,1988FAIL,15757176,38576,38576,NA,NA,0094625,A secret military project endangers Neo-Tokyo when it turns a biker gang member into a rampaging psionic psychopath that only two kids and a group of psionics can stop.,R,True,Japanese,Japan,"Katsuhiro Ohtomo (screenplay), Izô Hashimoto (screenplay), Katsuhiro Ohtomo (graphic novel)",76,8.1,Katsuhiro Ohtomo,24 Jul 2001,"Mitsuo Iwata, Nozomu Sasaki, Mami Koyama, Tesshô Genda","Animation, Action, Adventure",1 win.,124 min,movie,http://ia.media-imdb.com/images/M/MV5BMjA5NzIwMjQ4MV5BMl5BanBnXkFtZTcwMDEwNzQyMQ@@._V1_SX300.jpg,"73,676",NA
1988,tt0094721,Beetle Juice,ok,ok,PASS,15000000,73326666,73326666,1988PASS,29544705,144427648,144427648,NA,NA,0094721,NA,NA,NA,NA,NA,NA,NA,NA,NA,NA,NA,NA,NA,NA,NA,NA,NA,NA
1988,tt0092675,Bloodsport,notalk,notalk,FAIL,1500000,11806119,11806119,1988FAIL,2954471,23253887,23253887,NA,NA,0092675,"Frank Dux has spent most his life being trained by Tanaka to participate in the Kumite, the ultimate martial arts tournament, where participants are seriously injured, even killed. Frank ...",R,True,English,USA,"Sheldon Lettich (story), Sheldon Lettich (screenplay), Christopher Cosby (screenplay), Mel Friedman (screenplay)",NA,6.7,Newt Arnold,26 Feb 1988,"Jean-Claude Van Damme, Donald Gibb, Leah Ayres, Norman Burton","Action, Biography, Drama",1 nomination.,92 min,movie,http://ia.media-imdb.com/images/M/MV5BMTc0MzQ5Mzk2NV5BMl5BanBnXkFtZTcwOTY1OTEyMQ@@._V1_SX300.jpg,"43,219",NA
1988,tt0094862,Child&#39;s Play,ok,ok,PASS,9000000,33244684,44196684,1988PASS,17726823,65480292,87051866,NA,NA,0094862,NA,NA,NA,NA,NA,NA,NA,NA,NA,NA,NA,NA,NA,NA,NA,NA,NA,NA
1988,tt0094947,Dangerous Liaisons,ok,ok,PASS,14000000,34700000,34700000,1988PASS,27575058,68346751,68346751,NA,NA,0094947,Rich and bored aristocrats in Rococo France play high-stakes games of passion and betrayal.,R,True,English,"USA, UK","Christopher Hampton (play), Choderlos de Laclos (novel), Christopher Hampton (screenplay)",74,7.7,Stephen Frears,21 Dec 1988,"Glenn Close, John Malkovich, Michelle Pfeiffer, Swoosie Kurtz","Drama, Romance",Won 3 Oscars. Another 17 wins & 18 nominations.,119 min,movie,http://ia.media-imdb.com/images/M/MV5BMTk5Mjk1MjEzOV5BMl5BanBnXkFtZTcwNzYzNDkxMQ@@._V1_SX300.jpg,"44,706",NA
1988,tt0095016,Die Hard,ok-disagree,ok,PASS,28000000,81350242,139109346,1988PASS,55150116,160231261,273996307,NA,NA,0095016,"John McClane, officer of the NYPD, tries to save wife Holly Gennaro and several others, taken hostage by German terrorist Hans Gruber during a Christmas party at the Nakatomi Plaza in Los Angeles.",R,True,"English, German, Italian",USA,"Roderick Thorp (novel), Jeb Stuart (screenplay), Steven E. de Souza (screenplay)",70,8.3,John McTiernan,22 Jul 1988,"Bruce Willis, Bonnie Bedelia, Reginald VelJohnson, Paul Gleason","Action, Thriller",Nominated for 4 Oscars. Another 6 wins & 2 nominations.,131 min,movie,http://ia.media-imdb.com/images/M/MV5BMTY4ODM0OTc2M15BMl5BanBnXkFtZTcwNzE0MTk3OA@@._V1_SX300.jpg,"431,784",NA
1988,tt0095631,Midnight Run,men,men,FAIL,30000000,38413606,81613606,1988FAIL,59089410,75661244,160749995,NA,NA,0095631,"An accountant is chased by bounty hunters, the FBI, and the Mafia after jumping bail.",R,True,English,USA,George Gallo,78,7.6,Martin Brest,20 Jul 1988,"Robert De Niro, Charles Grodin, Yaphet Kotto, John Ashton","Action, Comedy, Crime",Nominated for 2 Golden Globes. Another 2 wins.,126 min,movie,http://ia.media-imdb.com/images/M/MV5BMTg0MTg2NTgyM15BMl5BanBnXkFtZTcwMzI3ODMyMQ@@._V1_SX300.jpg,"44,378",NA
1988,tt0095687,My Stepmother Is an Alien,ok,ok,PASS,16000000,13854000,13854000,1988PASS,31514352,27287490,27287490,NA,NA,0095687,"An alien is sent on a secret mission to Earth, where she appears as a gorgeous, attractive, and single lady. Her mission is to make contact with a rather nerdy young scientist, who's quite ...",PG-13,True,English,USA,"Jerico, Herschel Weingrod, Timothy Harris, Jonathan Reynolds",NA,5.1,Richard Benjamin,09 Dec 1988,"Dan Aykroyd, Kim Basinger, Jon Lovitz, Alyson Hannigan","Comedy, Sci-Fi",4 nominations.,105 min,movie,http://ia.media-imdb.com/images/M/MV5BMTM5OTI0MzM5Nl5BMl5BanBnXkFtZTcwOTcwMjcyMQ@@._V1_SX300.jpg,"18,140",NA
1988,tt0095690,Mystic Pizza,ok,ok,PASS,6000000,12793213,12793213,1988PASS,11817882,25198114,25198114,NA,NA,0095690,Three teenage girls come of age while working at a pizza parlor in the Connecticut town of Mystic.,R,True,English,USA,"Amy Holden Jones (story), Amy Holden Jones (screenplay), Perry Howze (screenplay), Randy Howze (screenplay), Alfred Uhry (screenplay)",60,6.1,Donald Petrie,21 Oct 1988,"Annabeth Gish, Julia Roberts, Lili Taylor, Vincent D'Onofrio","Comedy, Drama, Romance",1 win & 4 nominations.,104 min,movie,http://ia.media-imdb.com/images/M/MV5BMTU1NDk1MTkzMF5BMl5BanBnXkFtZTcwMzY0MDQ1NA@@._V1_SX300.jpg,"14,270",NA
1988,tt0095889,Poltergeist III,ok,ok,PASS,9500000,14114000,14114000,1988PASS,18711647,27799598,27799598,NA,NA,0095889,"Carol Anne is staying with her aunt in a highrise building, and the supernatural forces that have haunted her previously follow her there.",PG,True,English,USA,"Gary Sherman, Brian Taggert",NA,4.4,Gary Sherman,10 Jun 1988,"Tom Skerritt, Nancy Allen, Heather O'Rourke, Zelda Rubinstein","Horror, Thriller",2 nominations.,98 min,movie,http://ia.media-imdb.com/images/M/MV5BMTYxODA5ODk2Ml5BMl5BanBnXkFtZTcwNTY5NTk1NA@@._V1_SX300.jpg,"9,915",NA
1988,tt0095953,Rain Man,notalk,notalk,FAIL,25000000,172825435,412800000,1988FAIL,49241175,340405101,813070285,NA,NA,0095953,Selfish yuppie Charlie Babbitt's father left a fortune to his savant brother Raymond and a pittance to Charlie; they travel cross-country.,R,True,"English, Italian",USA,"Barry Morrow (story), Ronald Bass (screenplay), Barry Morrow (screenplay)",65,8,Barry Levinson,16 Dec 1988,"Dustin Hoffman, Tom Cruise, Valeria Golino, Gerald R. Molen",Drama,Won 4 Oscars. Another 21 wins & 19 nominations.,133 min,movie,http://ia.media-imdb.com/images/M/MV5BMTQ4NTA1NDU3NV5BMl5BanBnXkFtZTcwODUwMTU2NA@@._V1_SX300.jpg,"307,806",NA
1988,tt0096061,Scrooged,ok,ok,PASS,32000000,60328558,60328558,1988PASS,63028704,118825964,118825964,NA,NA,0096061,A cynically selfish TV executive gets haunted by three spirits bearing lessons on Christmas Eve.,PG-13,True,English,USA,"Mitch Glazer, Michael O'Donoghue, Charles Dickens (novel)",38,7,Richard Donner,23 Nov 1988,"Bill Murray, Karen Allen, John Forsythe, John Glover","Comedy, Drama, Fantasy",Nominated for 1 Oscar. Another 1 win & 3 nominations.,101 min,movie,http://ia.media-imdb.com/images/M/MV5BMjA5NzE4NTE4NF5BMl5BanBnXkFtZTcwNTI1NDIyMQ@@._V1_SX300.jpg,"46,417",NA
1988,tt0095489,The Land Before Time,ok,ok,PASS,12300000,48092846,81972846,1988PASS,24226658,94725930,161457571,NA,NA,0095489,"Five orphan dinosaurs travel the ruins of their world, while grieving the loss of their families and banding together to face the odds of survival.",G,True,English,"USA, Ireland","Stu Krieger (screenplay), Judy Freudberg (story), Tony Geiss (story)",NA,7.3,Don Bluth,18 Nov 1988,"Judith Barsi, Pat Hingle, Gabriel Damon, Helen Shaver","Animation, Adventure, Family",2 nominations.,69 min,movie,http://ia.media-imdb.com/images/M/MV5BOTkyNjQ0MDA1OV5BMl5BanBnXkFtZTcwMDkyMTYyMQ@@._V1_SX300.jpg,"46,543",NA
1988,tt0095497,The Last Temptation of Christ,men,men,FAIL,7000000,8373585,8373585,1988FAIL,13787529,16493007,16493007,NA,NA,0095497,"The life of Jesus Christ, his journey through life as he faces the struggles all humans do, and his final temptation on the cross.",R,True,English,"USA, Canada","Nikos Kazantzakis (novel), Paul Schrader (screenplay)",80,7.6,Martin Scorsese,22 Sep 1988,"Willem Dafoe, Harvey Keitel, Paul Greco, Steve Shill",Drama,Nominated for 1 Oscar. Another 3 wins & 5 nominations.,164 min,movie,http://ia.media-imdb.com/images/M/MV5BNzA1NDYzNjA4MF5BMl5BanBnXkFtZTYwOTYzMDg4._V1_SX300.jpg,"32,723",NA
1988,tt0096256,They Live,nowomen-disagree,nowomen,FAIL,4000000,13000000,13000000,1988FAIL,7878588,25605411,25605411,NA,NA,0096256,A drifter discovers a pair of sunglasses that allow him to wake up to the fact that aliens have taken over the Earth.,R,True,English,USA,"Ray Nelson (short story ""Eight O'Clock in the Morning""), John Carpenter (screenplay)",52,7.3,John Carpenter,04 Nov 1988,"Roddy Piper, Keith David, Meg Foster, George 'Buck' Flower","Action, Horror, Sci-Fi",3 nominations.,93 min,movie,http://ia.media-imdb.com/images/M/MV5BMjIzNjgzNzE5N15BMl5BanBnXkFtZTgwMTk4Mjc1MDE@._V1_SX300.jpg,"51,011",NA
1988,tt0096320,Twins,men,men,FAIL,15000000,111936388,216600000,1988FAIL,29544705,220475172,426625542,NA,NA,0096320,"A physically perfect but innocent man goes in search of his long-lost twin brother, who is a short small-time crook.",PG,True,English,USA,"William Davies, William Osborne, Timothy Harris, Herschel Weingrod",53,5.9,Ivan Reitman,09 Dec 1988,"Arnold Schwarzenegger, Danny DeVito, Kelly Preston, Chloe Webb","Comedy, Drama",Nominated for 1 Golden Globe. Another 4 wins.,107 min,movie,http://ia.media-imdb.com/images/M/MV5BMTgwNzYwNTQ0OF5BMl5BanBnXkFtZTcwMzk1ODcxMQ@@._V1_SX300.jpg,"66,325",NA
1988,tt0096438,Who Framed Roger Rabbit,notalk,notalk,FAIL,70000000,154112492,351500000,1988FAIL,137875291,303547209,692330924,NA,NA,0096438,A toon hating detective is a cartoon rabbit's only hope to prove his innocence when he is accused of murder.,PG,True,English,USA,"Gary K. Wolf (novel), Jeffrey Price (screenplay), Peter S. Seaman (screenplay)",83,7.7,Robert Zemeckis,22 Jun 1988,"Bob Hoskins, Christopher Lloyd, Joanna Cassidy, Charles Fleischer","Animation, Comedy, Crime",Won 3 Oscars. Another 18 wins & 21 nominations.,104 min,movie,http://ia.media-imdb.com/images/M/MV5BMTgxOTE1NjA0OV5BMl5BanBnXkFtZTcwODM3MTYxMQ@@._V1_SX300.jpg,"105,875",NA
1988,tt0096487,Young Guns,notalk,notalk,FAIL,13000000,44726644,44726644,1988FAIL,25605411,88095701,88095701,NA,NA,0096487,"A group of young gunmen, led by Billy the Kid, become deputies to avenge the murder of the rancher who became their benefactor. But when Billy takes their authority too far, they become the hunted.",R,True,English,USA,John Fusco,50,6.8,Christopher Cain,12 Aug 1988,"Emilio Estevez, Kiefer Sutherland, Lou Diamond Phillips, Charlie Sheen","Action, Crime, Drama",1 win & 2 nominations.,107 min,movie,http://ia.media-imdb.com/images/M/MV5BMjEzMzIyMjM3NV5BMl5BanBnXkFtZTcwMjgxNDcxMQ@@._V1_SX300.jpg,"34,765",NA
1987,tt0092644,Beverly Hills Cop II,notalk,notalk,FAIL,20000000,153665036,276665036,1987FAIL,41007948,315074388,567273267,NA,NA,0092644,"Axel Foley returns to Beverly Hills to help Taggart and Rosewood investigate Chief Bogamil's near-fatal shooting and the series of ""alphabet crimes"" associated with it.",R,True,English,USA,"Danilo Bach (characters), Daniel Petrie Jr. (characters), Eddie Murphy (story), Robert D. Wachs (story), Larry Ferguson (screenplay), Warren Skaaren (screenplay)",48,6.4,Tony Scott,20 May 1987,"Eddie Murphy, Judge Reinhold, Jürgen Prochnow, Ronny Cox","Action, Comedy, Crime",Nominated for 1 Oscar. Another 6 wins & 1 nomination.,100 min,movie,http://ia.media-imdb.com/images/M/MV5BMTM3MjA5ODAzOF5BMl5BanBnXkFtZTcwMTEwOTM4OA@@._V1_SX300.jpg,"65,976",NA
1987,tt0092991,Evil Dead II,dubious-disagree,dubious,FAIL,3500000,5923044,5923044,1987FAIL,7176391,12144594,12144594,NA,NA,0092991,The lone survivor of an onslaught of flesh-possessing spirits holds up in a cabin with a group of strangers while the demons continue their attack.,X,True,English,USA,"Sam Raimi, Scott Spiegel",69,7.9,Sam Raimi,13 Mar 1987,"Bruce Campbell, Sarah Berry, Dan Hicks, Kassie Wesley DePaiva","Comedy, Horror",5 nominations.,84 min,movie,http://ia.media-imdb.com/images/M/MV5BMTI0ODQzMzY5N15BMl5BanBnXkFtZTYwMDE0NTU5._V1_SX300.jpg,"85,942",NA
1987,tt0093010,Fatal Attraction,dubious,dubious,FAIL,14000000,156645693,320100000,1987FAIL,28705563,321185920,656332204,NA,NA,0093010,A married man's one night stand comes back to haunt him when that lover begins to stalk him and his family.,R,True,English,USA,"James Dearden (screenplay), James Dearden (short film)",67,6.9,Adrian Lyne,18 Sep 1987,"Michael Douglas, Glenn Close, Anne Archer, Ellen Hamilton Latzen","Drama, Thriller",Nominated for 6 Oscars. Another 7 wins & 14 nominations.,119 min,movie,http://ia.media-imdb.com/images/M/MV5BMTcyODA3NjcxMl5BMl5BanBnXkFtZTcwOTY1NTk3OA@@._V1_SX300.jpg,"42,196",NA
1987,tt0093105,"Good Morning, Vietnam",notalk,notalk,FAIL,13000000,123922370,123922370,1987FAIL,26655166,254090104,254090104,NA,NA,0093105,An unorthodox and irreverent DJ begins to shake up things when he is assigned to the US Armed Services Radio station in Vietnam.,R,True,English,USA,Mitch Markowitz,NA,7.2,Barry Levinson,15 Jan 1988,"Robin Williams, Forest Whitaker, Tung Thanh Tran, Chintara Sukapatana","Comedy, Drama, War",Nominated for 1 Oscar. Another 6 wins & 3 nominations.,121 min,movie,http://ia.media-imdb.com/images/M/MV5BMTQwMDExNzk4MV5BMl5BanBnXkFtZTgwODc3NjIyMDE@._V1_SX300.jpg,"65,835",NA
1987,tt0093177,Hellraiser,ok,ok,PASS,1000000,14564000,14564000,1987PASS,2050397,29861988,29861988,NA,NA,0093177,"An unfaithful wife encounters the zombie of her dead lover, who's being chased by demons after he escaped from their sado-masochistic Hell.",R,True,English,UK,Clive Barker,NA,7.1,Clive Barker,18 Sep 1987,"Andrew Robinson, Clare Higgins, Ashley Laurence, Sean Chapman",Horror,2 wins & 5 nominations.,94 min,movie,http://ia.media-imdb.com/images/M/MV5BMTkyNzc4NjkwNV5BMl5BanBnXkFtZTgwNzI2Mjc1MDE@._V1_SX300.jpg,"59,005",NA
1987,tt0093409,Lethal Weapon,notalk-disagree,notalk,FAIL,15000000,65192350,120192350,1987FAIL,30755961,133670224,246442080,NA,NA,0093409,"A veteran cop, Murtaugh, is partnered with a young suicidal cop, Riggs. Both having one thing in common; hating working in pairs. Now they must learn to work with one another to stop a gang of drug smugglers.",R,True,English,USA,Shane Black,67,7.6,Richard Donner,06 Mar 1987,"Mel Gibson, Danny Glover, Gary Busey, Mitch Ryan","Action, Thriller",Nominated for 1 Oscar. Another 5 wins & 1 nomination.,110 min,movie,http://ia.media-imdb.com/images/M/MV5BMTU1MDMzOTcxNV5BMl5BanBnXkFtZTcwNDY5NjQyMQ@@._V1_SX300.jpg,"153,833",NA
1987,tt0093773,Predator,nowomen,nowomen,FAIL,18000000,59735548,98267558,1987FAIL,36907153,122481612,201487544,NA,NA,0093773,"A team of commandos, on a mission in a Central American jungle, find themselves hunted by an extra-terrestrial warrior.",R,True,"English, Spanish",USA,"Jim Thomas, John Thomas",36,7.9,John McTiernan,12 Jun 1987,"Arnold Schwarzenegger, Carl Weathers, Elpidia Carrillo, Bill Duke","Action, Adventure, Sci-Fi",Nominated for 1 Oscar. Another 3 wins & 4 nominations.,107 min,movie,http://ia.media-imdb.com/images/M/MV5BMTM1Njk0MjIwN15BMl5BanBnXkFtZTcwNzgwNzEyMQ@@._V1_SX300.jpg,"222,991",NA
1987,tt0093818,Radio Days,notalk,notalk,FAIL,16000000,14792779,14792779,1987FAIL,32806358,30331075,30331075,NA,NA,0093818,A nostalgic look at radio's golden age focusing on one ordinary family and the various performers in the medium.,PG,True,English,USA,Woody Allen,NA,7.6,Woody Allen,30 Jan 1987,"Mike Starr, Paul Herman, Don Pardo, Martin Rosenblatt",Comedy,Nominated for 2 Oscars. Another 2 wins & 7 nominations.,88 min,movie,http://ia.media-imdb.com/images/M/MV5BMTYwNDg1NDYzOF5BMl5BanBnXkFtZTcwMDIwMzg4NA@@._V1_SX300.jpg,"18,826",NA
1987,tt0093870,RoboCop,notalk,notalk,FAIL,120000000,54764805,221577330,1987FAIL,246047687,112289613,454321579,NA,NA,0093870,"In a dystopic and crime-ridden Detroit, a terminally wounded cop returns to the force as a powerful cyborg haunted by submerged memories.",R,True,English,USA,"Edward Neumeier, Michael Miner",67,7.5,Paul Verhoeven,17 Jul 1987,"Peter Weller, Nancy Allen, Dan O'Herlihy, Ronny Cox","Action, Crime, Sci-Fi",Nominated for 2 Oscars. Another 11 wins & 10 nominations.,102 min,movie,http://ia.media-imdb.com/images/M/MV5BMTk1MDUzMTQ3OV5BMl5BanBnXkFtZTcwMDAwNTk0NA@@._V1_SX300.jpg,"132,804",NA
1987,tt0094012,Spaceballs,dubious-disagree,dubious,FAIL,22700000,38119483,38119483,1987FAIL,46544021,78160088,78160088,NA,NA,0094012,"Planet Spaceball's President Skroob sends Lord Dark Helmet to steal Planet Druidia's abundant supply of air to replenish their own, and only Lone Starr can stop them.",PG,True,English,USA,"Mel Brooks, Thomas Meehan, Ronny Graham",46,7.1,Mel Brooks,24 Jun 1987,"Mel Brooks, John Candy, Rick Moranis, Bill Pullman","Adventure, Comedy, Sci-Fi",N/A,96 min,movie,http://ia.media-imdb.com/images/M/MV5BMTM3Mzg0Mzc2NF5BMl5BanBnXkFtZTcwNDEwNTk0NA@@._V1_SX300.jpg,"105,340",NA
1987,tt0094074,Superman IV: The Quest for Peace,ok,ok,PASS,17000000,11227824,11227824,1987PASS,34856756,23021501,23021501,NA,NA,0094074,"The Man of Steel crusades for nuclear disarmament and meets Lex Luthor's latest creation, Nuclear Man.",PG,True,"English, Russian, French, Italian","UK, USA","Christopher Reeve (story), Lawrence Konner (story), Mark Rosenthal (story), Lawrence Konner (screenplay), Mark Rosenthal (screenplay), Joe Shuster (characters), Jerry Siegel (characters)",22,3.6,Sidney J. Furie,24 Jul 1987,"Christopher Reeve, Gene Hackman, Jackie Cooper, Marc McClure","Action, Adventure, Family",1 win & 4 nominations.,93 min,movie,http://ia.media-imdb.com/images/M/MV5BMTQyMjI0ODcyNV5BMl5BanBnXkFtZTcwNDQ1OTMyMQ@@._V1_SX300.jpg,"27,318",NA
1987,tt0093389,The Last Emperor,dubious,dubious,FAIL,25000000,43984000,43984000,1987FAIL,51259935,90184679,90184679,NA,NA,0093389,The story of the final Emperor of China.,PG-13,True,"English, Mandarin, Japanese, Russian","China, Italy, UK, France","Mark Peploe (screenplay), Bernardo Bertolucci (screenplay), Enzo Ungari (initial screenplay collaboration)",76,7.8,Bernardo Bertolucci,15 Apr 1988,"John Lone, Joan Chen, Peter O'Toole, Ruocheng Ying","Biography, Drama, History",Won 9 Oscars. Another 44 wins & 13 nominations.,163 min,movie,http://ia.media-imdb.com/images/M/MV5BMTQyNDE4MDk4MV5BMl5BanBnXkFtZTcwMjIyMjU1MQ@@._V1_SX300.jpg,"53,818",NA
1987,tt0093437,The Lost Boys,notalk,notalk,FAIL,8500000,32222567,32222567,1987FAIL,17428378,66069067,66069067,NA,NA,0093437,"After moving to a new town, two brothers are convinced that the area is frequented by vampires.",R,True,English,USA,"Janice Fischer (story), James Jeremias (story), Janice Fischer (screenplay), James Jeremias (screenplay), Jeffrey Boam (screenplay)",63,7.2,Joel Schumacher,31 Jul 1987,"Jason Patric, Corey Haim, Dianne Wiest, Barnard Hughes","Comedy, Horror",3 wins & 5 nominations.,97 min,movie,http://ia.media-imdb.com/images/M/MV5BMjE2NTAxNDM5OV5BMl5BanBnXkFtZTgwMjg0NzQxMTE@._V1_SX300.jpg,"72,942",NA
1987,tt0093779,The Princess Bride,men-disagree,men,FAIL,15000000,30857000,30857000,1987FAIL,30755961,63269112,63269112,NA,NA,0093779,"A classic fairy tale, with swordplay, giants, an evil prince, a beautiful princess, and yes, some kissing (as read by a kindly grandfather).",PG,True,English,USA,"William Goldman (book), William Goldman (screenplay)",77,8.2,Rob Reiner,09 Oct 1987,"Cary Elwes, Mandy Patinkin, Chris Sarandon, Christopher Guest","Adventure, Comedy, Family",Nominated for 1 Oscar. Another 5 wins & 8 nominations.,98 min,movie,http://ia.media-imdb.com/images/M/MV5BMTkzMDgyNjQwM15BMl5BanBnXkFtZTgwNTg2Mjc1MDE@._V1_SX300.jpg,"223,131",NA
1986,tt0090605,Aliens,ok-disagree,ok,PASS,17000000,85160248,183316455,1986PASS,36104000,180860331,389321020,NA,NA,0090605,"The planet from Alien (1979) has been colonized, but contact is lost. This time, the rescue team has impressive firepower, but will it be enough?",R,True,English,"USA, UK","James Cameron (story), David Giler (story), Walter Hill (story), Dan O'Bannon (characters), Ronald Shusett (characters), James Cameron (screenplay)",87,8.5,James Cameron,18 Jul 1986,"Sigourney Weaver, Carrie Henn, Michael Biehn, Paul Reiser","Action, Adventure, Sci-Fi",Won 2 Oscars. Another 16 wins & 21 nominations.,137 min,movie,http://ia.media-imdb.com/images/M/MV5BMTYzNzU5MzQ4OV5BMl5BanBnXkFtZTcwMDcxNDg3OA@@._V1_SX300.jpg,"353,331",NA
1986,tt0090555,Crocodile Dundee,dubious,dubious,FAIL,5000000,174803506,328000000,1986FAIL,10618824,371241520,696594829,NA,NA,0090555,An American reporter goes to the Australian outback to meet an eccentric crocodile poacher and invites him to New York City.,PG-13,True,English,Australia,"John Cornell (screenplay), Paul Hogan (screenplay), Paul Hogan (story), Ken Shadie (screenplay)",NA,6.5,Peter Faiman,26 Sep 1986,"Paul Hogan, Linda Kozlowski, John Meillon, David Gulpilil","Adventure, Comedy",Nominated for 1 Oscar. Another 3 wins & 7 nominations.,97 min,movie,http://ia.media-imdb.com/images/M/MV5BMTg0MTU1MTg4NF5BMl5BanBnXkFtZTgwMDgzNzYxMTE@._V1_SX300.jpg,"61,861",NA
1986,tt0091203,Highlander,ok-disagree,ok,PASS,16000000,5900000,12900000,1986PASS,33980236,12530212,27396565,NA,NA,0091203,"An immortal Scottish swordsman must confront the last of his immortal opponent, a murderously brutal barbarian who lusts for the fabled ""Prize"".",R,True,English,UK,"Gregory Widen (story), Gregory Widen (screenplay), Peter Bellwood (screenplay), Larry Ferguson (screenplay)",NA,7.2,Russell Mulcahy,07 Mar 1986,"Christopher Lambert, Roxanne Hart, Clancy Brown, Sean Connery","Action, Adventure, Fantasy",N/A,116 min,movie,http://ia.media-imdb.com/images/M/MV5BMTM4MzU4MDk2MF5BMl5BanBnXkFtZTcwMDQzNzQzMQ@@._V1_SX300.jpg,"80,331",NA
1986,tt0091225,Howard The Duck,dubious,dubious,FAIL,30000000,16295774,16295774,1986FAIL,63712942,34608390,34608390,NA,NA,0091225,NA,NA,NA,NA,NA,NA,NA,NA,NA,NA,NA,NA,NA,NA,NA,NA,NA,NA
1986,tt0091419,Little Shop of Horrors,notalk-disagree,notalk,FAIL,30000000,38747385,38747385,1986FAIL,63712942,82290329,82290329,NA,NA,0091419,A nerdish florist finds his chance for success and romance with the help of a giant man-eating plant who demands to be fed.,PG-13,True,English,USA,"Howard Ashman (screenplay), Howard Ashman (musical play ""Little Shop of Horrors""), Roger Corman (based on the film by), Charles B. Griffith",81,6.9,Frank Oz,19 Dec 1986,"Levi Stubbs, Rick Moranis, Ellen Greene, Vincent Gardenia","Comedy, Horror, Musical",Nominated for 2 Oscars. Another 2 wins & 11 nominations.,94 min,movie,http://ia.media-imdb.com/images/M/MV5BMTIxNTY5NzkwM15BMl5BanBnXkFtZTcwNzQ3NzYxMQ@@._V1_SX300.jpg,"38,745",NA
1986,tt0091738,Peggy Sue Got Married,ok,ok,PASS,18000000,41382841,41382841,1986PASS,38227765,87887418,87887418,NA,NA,0091738,"Peggy Sue faints at a high school reunion. When she wakes up, she finds herself in her own past, just before she finished school.",PG-13,True,English,USA,"Jerry Leichtling, Arlene Sarner",NA,6.3,Francis Ford Coppola,10 Oct 1986,"Kathleen Turner, Nicolas Cage, Barry Miller, Catherine Hicks","Comedy, Drama, Fantasy",Nominated for 3 Oscars. Another 5 wins & 7 nominations.,103 min,movie,http://ia.media-imdb.com/images/M/MV5BMTYxNzI3NjUyM15BMl5BanBnXkFtZTcwOTU2MjUyMQ@@._V1_SX300.jpg,"23,016",NA
1986,tt0091763,Platoon,nowomen,nowomen,FAIL,6000000,137963328,137963328,1986FAIL,12742588,293001649,293001649,NA,NA,0091763,A young recruit in Vietnam faces a moral crisis when confronted with the horrors of war and the duality of man.,R,True,"English, Vietnamese","UK, USA",Oliver Stone,NA,8.2,Oliver Stone,06 Feb 1987,"Keith David, Forest Whitaker, Francesco Quinn, Kevin Dillon","Action, Drama, War",Won 4 Oscars. Another 22 wins & 10 nominations.,120 min,movie,http://ia.media-imdb.com/images/M/MV5BNTU3NzY4ODY5MF5BMl5BanBnXkFtZTcwOTkzNzE1NA@@._V1_SX300.jpg,"217,637",NA
1986,tt0092005,Stand By Me,nowomen,nowomen,FAIL,8000000,52287414,52287414,1986FAIL,16990118,111046165,111046165,NA,NA,0092005,NA,NA,NA,NA,NA,NA,NA,NA,NA,NA,NA,NA,NA,NA,NA,NA,NA,NA
1986,tt0090848,The Clan of the Cave Bear,ok,ok,PASS,15000000,1953732,1953732,1986PASS,31856471,4149267,4149267,NA,NA,0090848,A young Cro-Magnons woman is raised by Neanderthals.,R,True,English,USA,"Jean M. Auel (novel), John Sayles (screenplay)",NA,5.3,Michael Chapman,17 Jan 1986,"Daryl Hannah, Pamela Reed, James Remar, Thomas G. Waites","Adventure, Drama, Fantasy",N/A,98 min,movie,http://ia.media-imdb.com/images/M/MV5BMTM4NDY4NjYwOF5BMl5BanBnXkFtZTcwODQyODMyMQ@@._V1_SX300.jpg,"4,258",NA
1986,tt0092099,Top Gun,men,men,FAIL,15000000,179800601,356800601,1986FAIL,31856471,381854174,757760530,NA,NA,0092099,"As students at the Navy's elite fighter weapons school compete to be best in the class, one daring young flyer learns a few things from a civilian instructor that are not taught in the classroom.",PG,True,English,USA,"Jim Cash, Jack Epps Jr., Ehud Yonay (magazine article ""Top Guns"")",NA,6.8,Tony Scott,16 May 1986,"Tom Cruise, Kelly McGillis, Val Kilmer, Anthony Edwards","Action, Drama, Romance",Won 1 Oscar. Another 9 wins & 5 nominations.,110 min,movie,http://ia.media-imdb.com/images/M/MV5BMTY3ODg4OTU3Nl5BMl5BanBnXkFtZTYwMjI1Nzg4._V1_SX300.jpg,"166,022",NA
1985,tt0088763,Back to the Future,notalk-disagree,notalk,FAIL,19000000,210609762,383874862,1985FAIL,41136059,455981879,831110482,NA,NA,0088763,"A teenager is accidentally sent 30 years into the past in a time-traveling DeLorean invented by his friend, Dr. Emmett Brown, and must make sure his high-school-age parents unite in order to save his own existence.",PG,True,English,USA,"Robert Zemeckis, Bob Gale",86,8.5,Robert Zemeckis,03 Jul 1985,"Michael J. Fox, Christopher Lloyd, Lea Thompson, Crispin Glover","Adventure, Comedy, Sci-Fi",Won 1 Oscar. Another 13 wins & 24 nominations.,116 min,movie,http://ia.media-imdb.com/images/M/MV5BMTk4OTQ1OTMwN15BMl5BanBnXkFtZTcwOTIwMzM3MQ@@._V1_SX300.jpg,"480,044",NA
1985,tt0088846,Brazil,ok,ok,PASS,15000000,9929135,9929135,1985PASS,32475836,21497131,21497131,NA,NA,0088846,A bureaucrat in a retro-future world tries to correct an administrative error and himself becomes an enemy of the state.,R,True,English,UK,"Terry Gilliam (screenplay), Tom Stoppard (screenplay), Charles McKeown (screenplay)",88,8,Terry Gilliam,18 Dec 1985,"Jonathan Pryce, Robert De Niro, Katherine Helmond, Ian Holm","Drama, Fantasy, Sci-Fi",Nominated for 2 Oscars. Another 10 wins & 1 nomination.,132 min,movie,http://ia.media-imdb.com/images/M/MV5BMTIwMDQ1NzQyOF5BMl5BanBnXkFtZTcwMTE4MDQzMQ@@._V1_SX300.jpg,"125,144",NA
1985,tt0088944,Commando,notalk,notalk,FAIL,10000000,35073978,35073978,1985FAIL,21650558,75937118,75937118,NA,NA,0088944,A retired elite Black Ops Commando launches a one man war against a group of South American criminals who have kidnapped his daughter to blackmail him into starting a revolution and getting an exiled dictator back into power.,R,True,English,USA,"Jeph Loeb (story), Matthew Weisman (story), Steven E. de Souza (story), Steven E. de Souza (screenplay)",NA,6.6,Mark L. Lester,04 Oct 1985,"Arnold Schwarzenegger, Rae Dawn Chong, Dan Hedaya, Vernon Wells","Action, Thriller",2 nominations.,90 min,movie,http://ia.media-imdb.com/images/M/MV5BMTcyNzY4NjA2MF5BMl5BanBnXkFtZTcwNTkzNjk0MQ@@._V1_SX300.jpg,"80,951",NA
1985,tt0088993,Day of the Dead,nowomen,nowomen,FAIL,18000000,#N/A,#N/A,1985FAIL,38971004,#N/A,#N/A,NA,NA,0088993,A small group of military officers and scientists dwell in an underground bunker as the world above is overrun by zombies.,Unrated,True,English,USA,George A. Romero,NA,7.2,George A. Romero,19 Jul 1985,"Lori Cardille, Terry Alexander, Joseph Pilato, Jarlath Conroy",Horror,2 wins.,96 min,movie,http://ia.media-imdb.com/images/M/MV5BMjEwNjQ5NDU4OF5BMl5BanBnXkFtZTYwOTI2NzA5._V1_SX300.jpg,"39,680",NA
1985,tt0089457,Ladyhawke,nowomen,nowomen,FAIL,20000000,18400000,18400000,1985FAIL,43301115,39837026,39837026,NA,NA,0089457,"Philipe Gastone, a thief, escapes from the dungeon at Aquila, sparking a manhunt. He is nearly captured when Captain Navarre befriends him. Navarre has been hunted by the Bishop's men for ...",PG-13,True,English,USA,"Edward Khmara (story), Edward Khmara (screenplay), Michael Thomas (screenplay), Tom Mankiewicz (screenplay), David Webb Peoples (screenplay)",NA,6.9,Richard Donner,12 Apr 1985,"Matthew Broderick, Rutger Hauer, Michelle Pfeiffer, Leo McKern","Adventure, Drama, Fantasy",Nominated for 2 Oscars. Another 4 wins & 4 nominations.,121 min,movie,http://ia.media-imdb.com/images/M/MV5BMTc1MDI3NDcwOV5BMl5BanBnXkFtZTcwMDkxMTkyMQ@@._V1_SX300.jpg,"27,521",NA
1985,tt0089469,Legend,dubious,dubious,FAIL,25000000,15502112,15502112,1985FAIL,54126394,33562937,33562937,NA,NA,0089469,A young man must stop the Lord of Darkness from both destroying daylight and marrying the woman he loves.,PG,True,"English, Italian","USA, UK",William Hjortsberg,NA,6.4,Ridley Scott,18 Apr 1986,"Tom Cruise, Mia Sara, Tim Curry, David Bennent","Fantasy, Adventure, Romance",Nominated for 1 Oscar. Another 1 win & 10 nominations.,89 min,movie,http://ia.media-imdb.com/images/M/MV5BMjI3OTg2NTQ5Nl5BMl5BanBnXkFtZTgwMzY3MjQxMDE@._V1_SX300.jpg,"35,815",NA
1985,tt0091578,My Beautiful Laundrette,men,men,FAIL,400000,#N/A,#N/A,1985FAIL,866022,#N/A,#N/A,NA,NA,0091578,"An ambitious Asian Briton and his white lover strive for success and hope, when they open up a glamorous laundromat.",R,True,"English, Urdu",UK,Hanif Kureishi (by),NA,7,Stephen Frears,01 Apr 1986,"Daniel Day-Lewis, Richard Graham, Winston Graham, Dudley Thomas","Comedy, Drama, Romance",Nominated for 1 Oscar. Another 7 wins & 4 nominations.,97 min,movie,http://ia.media-imdb.com/images/M/MV5BMTc0MjMzNjY4M15BMl5BanBnXkFtZTYwNTQ1NTk5._V1_SX300.jpg,"8,770",NA
1985,tt0089893,Red Sonja,ok,ok,PASS,17900000,6905861,6905861,1985PASS,38754498,14951574,14951574,NA,NA,0089893,A vengeful woman sets out to retrieve a magic orb from an evil queen whom she vows vengeance upon after the evil queen slain her family and her loyal warriors raped her.,PG-13,True,English,"Netherlands, USA","Robert E. Howard (character), Clive Exton, George MacDonald Fraser",NA,4.9,Richard Fleischer,03 Jul 1985,"Brigitte Nielsen, Arnold Schwarzenegger, Sandahl Bergman, Paul L. Smith","Action, Adventure, Fantasy",1 win & 2 nominations.,89 min,movie,http://ia.media-imdb.com/images/M/MV5BMjIzMDk2NTcxMV5BMl5BanBnXkFtZTcwMzUxMTM4NA@@._V1_SX300.jpg,"23,538",NA
1985,tt0089908,Return to Oz,ok,ok,PASS,27000000,10618813,10618813,1985PASS,58456506,22990322,22990322,NA,NA,0089908,"Dorothy, saved from a psychiatric experiment by a mysterious girl, is somehow called back to Oz when a vain witch and the Nome King destroy everything that makes the magical land beautiful.",PG,True,English,"UK, USA","L. Frank Baum (novels), Gill Dennis, Walter Murch",42,6.7,Walter Murch,21 Jun 1985,"Fairuza Balk, Nicol Williamson, Jean Marsh, Piper Laurie","Adventure, Family, Fantasy",Nominated for 1 Oscar. Another 5 nominations.,113 min,movie,http://ia.media-imdb.com/images/M/MV5BMTQ4ODQyNDU3MV5BMl5BanBnXkFtZTcwODUyNTUyMQ@@._V1_SX300.jpg,"16,314",NA
1985,tt0088939,The Color Purple,ok,ok,PASS,15000000,93589701,93589701,1985PASS,32475836,202626921,202626921,NA,NA,0088939,The life and trials of a young African American woman.,PG-13,True,English,USA,"Alice Walker (novel), Menno Meyjes (screenplay)",NA,7.8,Steven Spielberg,18 Dec 1985,"Danny Glover, Whoopi Goldberg, Margaret Avery, Oprah Winfrey",Drama,Nominated for 11 Oscars. Another 14 wins & 9 nominations.,154 min,movie,http://ia.media-imdb.com/images/M/MV5BMTUzOTkxNjY4M15BMl5BanBnXkFtZTgwNjE5MDgxMTE@._V1_SX300.jpg,"49,877",NA
1984,tt0087800,A nightmare on Elm Street,men-disagree,men,FAIL,35000000,63075011,117729621,1984FAIL,78450540,141379105,263884353,NA,NA,0087800,NA,NA,NA,NA,NA,NA,NA,NA,NA,NA,NA,NA,NA,NA,NA,NA,NA,NA
1984,tt0086879,Amadeus,ok-disagree,ok,PASS,18000000,51973029,51973029,1984PASS,40345992,116494634,116494634,NA,NA,0086879,"The incredible story of Wolfgang Amadeus Mozart, told by his peer and secret rival Antonio Salieri - now confined to an insane asylum.",R,True,"English, Italian, Latin, German",USA,"Peter Shaffer (original stage play), Peter Shaffer (original screenplay)",93,8.4,Milos Forman,19 Sep 1984,"F. Murray Abraham, Tom Hulce, Elizabeth Berridge, Roy Dotrice","Biography, Drama, Music",Won 8 Oscars. Another 33 wins & 13 nominations.,160 min,movie,http://ia.media-imdb.com/images/M/MV5BMTg5NDkwMTk5N15BMl5BanBnXkFtZTYwODg3MDk2._V1_SX300.jpg,"198,473",NA
1984,tt0086960,Beverly Hills Cop,nowomen,nowomen,FAIL,15000000,234760478,316300000,1984FAIL,33621660,526202467,708968739,NA,NA,0086960,A freewheeling Detroit cop pursuing a murder investigation finds himself dealing with the very different culture of Beverly Hills.,R,True,English,USA,"Daniel Petrie Jr. (screenplay), Danilo Bach (story), Daniel Petrie Jr. (story)",64,7.3,Martin Brest,05 Dec 1984,"Eddie Murphy, Judge Reinhold, John Ashton, Lisa Eilbacher","Action, Comedy, Crime",Nominated for 1 Oscar. Another 3 wins & 4 nominations.,105 min,movie,http://ia.media-imdb.com/images/M/MV5BNzMyMjQ2OTEwOF5BMl5BanBnXkFtZTgwNzc2OTkwMDE@._V1_SX300.jpg,"95,514",NA
1984,tt0086984,Body Double,men,men,FAIL,10000000,8801940,8801940,1984FAIL,22414440,19729056,19729056,NA,NA,0086984,A young actor's obsession with spying on a beautiful woman who lives nearby leads to a baffling series of events with drastic consequences.,R,True,English,USA,"Robert J. Avrech (screenplay), Brian De Palma (screenplay), Brian De Palma (story)",NA,6.7,Brian De Palma,26 Oct 1984,"Craig Wasson, Melanie Griffith, Gregg Henry, Deborah Shelton","Crime, Drama, Mystery",Nominated for 1 Golden Globe. Another 2 wins & 1 nomination.,114 min,movie,http://ia.media-imdb.com/images/M/MV5BODMzMDg5OTUxMl5BMl5BanBnXkFtZTcwNTE5NTUzMQ@@._V1_SX300.jpg,"15,641",NA
1984,tt0087078,Conan the Destroyer,dubious,dubious,FAIL,18000000,26400000,26400000,1984FAIL,40345992,59174122,59174122,NA,NA,0087078,Conan leads a ragtag group of adventurers on a quest for a princess.,PG,True,English,USA,"Robert E. Howard (character), Roy Thomas (story), Gerry Conway (story), Stanley Mann (screenplay)",NA,5.8,Richard Fleischer,29 Jun 1984,"Arnold Schwarzenegger, Grace Jones, Wilt Chamberlain, Mako","Action, Fantasy, Adventure",1 win & 2 nominations.,103 min,movie,http://ia.media-imdb.com/images/M/MV5BMTM2NTEwODA3M15BMl5BanBnXkFtZTcwNTk2NjEzNA@@._V1_SX300.jpg,"49,184",NA
1984,tt0087182,Dune,dubious-disagree,dubious,FAIL,45000000,27447471,27447471,1984FAIL,100864980,61521969,61521969,NA,NA,0087182,A Duke's son leads desert warriors against the galactic emperor and his father's evil nemesis when they assassinate his father and free their desert world from the emperor's rule.,PG-13,True,"English, Italian",USA,"Frank Herbert (novel), David Lynch (screenplay)",NA,6.6,David Lynch,14 Dec 1984,"Francesca Annis, Leonardo Cimino, Brad Dourif, José Ferrer","Action, Adventure, Sci-Fi",Nominated for 1 Oscar. Another 1 win & 4 nominations.,137 min,movie,http://ia.media-imdb.com/images/M/MV5BMTU3MjQzNjMxMF5BMl5BanBnXkFtZTcwMjIwNDgyMQ@@._V1_SX300.jpg,"81,026",NA
1984,tt0087298,Friday the 13th Part IV: The Final Chapter,ok,ok,PASS,2600000,32980880,32980880,1984PASS,5827754,73924796,73924796,NA,NA,0087298,NA,NA,NA,NA,NA,NA,NA,NA,NA,NA,NA,NA,NA,NA,NA,NA,NA,NA
1984,tt0087332,Ghostbusters,notalk-disagree,notalk,FAIL,30000000,238632124,291632124,1984FAIL,67243320,534880544,653677077,NA,NA,0087332,Three unemployed parapsychology professors set up shop as a unique ghost removal service.,PG,True,English,USA,"Dan Aykroyd, Harold Ramis",NA,7.8,Ivan Reitman,08 Jun 1984,"Bill Murray, Dan Aykroyd, Sigourney Weaver, Harold Ramis","Comedy, Fantasy, Sci-Fi",Nominated for 2 Oscars. Another 4 wins & 6 nominations.,105 min,movie,http://ia.media-imdb.com/images/M/MV5BMjI5MjMxMTc2OV5BMl5BanBnXkFtZTgwMzE3MjYyMTE@._V1_SX300.jpg,"194,518",NA
1984,tt0087363,Gremlins,notalk-disagree,notalk,FAIL,11000000,148168459,148168459,1984FAIL,24655884,332111304,332111304,NA,NA,0087363,A boy inadvertantly breaks 3 important rules concerning his new pet and unleashes a horde of malevolently mischievous monsters on a small town.,PG,True,"English, Spanish",USA,Chris Columbus,NA,7.2,Joe Dante,08 Jun 1984,"Hoyt Axton, John Louie, Keye Luke, Don Steele","Comedy, Horror",7 wins & 5 nominations.,106 min,movie,http://ia.media-imdb.com/images/M/MV5BNTQ4NDQyNTgxN15BMl5BanBnXkFtZTcwNTc2NTA0Mg@@._V1_SX300.jpg,"101,827",NA
1984,tt0087469,Indiana Jones and the Temple of Doom,nowomen,nowomen,FAIL,28000000,179880271,333080271,1984FAIL,62760432,403191555,746580777,NA,NA,0087469,"After arriving in India, Indiana Jones is asked by a desperate village to find a mystical stone. He agrees, and stumbles upon a secret cult plotting a terrible plan in the catacombs of an ancient palace.",PG,True,"English, Sinhalese",USA,"Willard Huyck (screenplay), Gloria Katz (screenplay), George Lucas (story)",57,7.6,Steven Spielberg,23 May 1984,"Harrison Ford, Kate Capshaw, Jonathan Ke Quan, Amrish Puri","Action, Adventure",Won 1 Oscar. Another 4 wins & 19 nominations.,118 min,movie,http://ia.media-imdb.com/images/M/MV5BMTMyNzI4OTA5OV5BMl5BanBnXkFtZTcwMDQ2MjAxNA@@._V1_SX300.jpg,"228,887",NA
1984,tt0087928,Police Academy,dubious,dubious,FAIL,4500000,81198894,81198894,1984FAIL,10086498,182002774,182002774,NA,NA,0087928,"A group of good-hearted but incompetent misfits enter the police academy, but the instructors there are not going to put up with their pranks.",R,True,English,USA,"Neal Israel (screenplay), Pat Proft (screenplay), Hugh Wilson (screenplay), Neal Israel (story), Pat Proft (story)",NA,6.6,Hugh Wilson,23 Mar 1984,"Steve Guttenberg, Kim Cattrall, G.W. Bailey, Bubba Smith","Comedy, Crime",1 win.,96 min,movie,http://ia.media-imdb.com/images/M/MV5BMTQ3NTU4NzY5Ml5BMl5BanBnXkFtZTcwNDk0ODUyMQ@@._V1_SX300.jpg,"68,281",NA
1984,tt0087995,Repo Man,men,men,FAIL,1500000,2300000,2300000,1984FAIL,3362166,5155321,5155321,NA,NA,0087995,"Young punk Otto becomes a repo man after helping to steal a car, and stumbles into a world of wackiness as a result.",R,True,"English, Spanish",USA,Alex Cox,75,6.9,Alex Cox,02 Mar 1984,"Harry Dean Stanton, Emilio Estevez, Tracey Walter, Olivia Barash","Comedy, Crime, Sci-Fi",3 wins & 2 nominations.,92 min,movie,http://ia.media-imdb.com/images/M/MV5BMTU3MTI3MjkxOF5BMl5BanBnXkFtZTcwNjQyNzEzMQ@@._V1_SX300.jpg,"20,477",NA
1984,tt0088161,Splash,notalk,notalk,FAIL,8000000,62599495,62599495,1984FAIL,17931552,140313263,140313263,NA,NA,0088161,A man is reunited with a mermaid who saves him from drowning as a boy and falls in love not knowing who/what she is.,PG,True,"English, Swedish",USA,"Brian Grazer (story), Bruce Jay Friedman (screen story), Lowell Ganz (screenplay), Babaloo Mandel (screenplay), Bruce Jay Friedman (screenplay)",NA,6.2,Ron Howard,09 Mar 1984,"Tom Hanks, Daryl Hannah, Eugene Levy, John Candy","Comedy, Fantasy, Romance",Nominated for 1 Oscar. Another 2 wins & 7 nominations.,111 min,movie,http://ia.media-imdb.com/images/M/MV5BMTgyNjg0NzI4NF5BMl5BanBnXkFtZTcwMzE5OTQyMQ@@._V1_SX300.jpg,"43,702",NA
1984,tt0088170,Star Trek III: The Search for Spock,notalk,notalk,FAIL,18000000,76471046,87000000,1984FAIL,40345992,171405568,195005629,NA,NA,0088170,Admiral Kirk and his bridge crew risk their careers stealing the decommissioned Enterprise to return to the restricted Genesis planet to recover Spock's body.,PG,True,"English, Klingon, Russian",USA,"Gene Roddenberry (television series Star Trek), Harve Bennett",55,6.6,Leonard Nimoy,01 Jun 1984,"William Shatner, Leonard Nimoy, DeForest Kelley, James Doohan","Action, Adventure, Sci-Fi",7 nominations.,105 min,movie,http://ia.media-imdb.com/images/M/MV5BMTc5NDY1OTU0Ml5BMl5BanBnXkFtZTcwNDIwNDI4OA@@._V1_SX300.jpg,"46,779",NA
1984,tt0087538,The Karate Kid,ok,ok,PASS,40000000,176591618,359091618,1984PASS,89657760,395820224,804883755,NA,NA,0087538,A handyman/martial arts master agrees to teach a bullied boy karate and shows him that there is more to the martial art than fighting.,PG,True,"English, Japanese",USA,Robert Mark Kamen,NA,7.2,John G. Avildsen,22 Jun 1984,"Ralph Macchio, Pat Morita, Elisabeth Shue, Martin Kove","Action, Drama, Family",Nominated for 1 Oscar. Another 2 wins & 2 nominations.,126 min,movie,http://ia.media-imdb.com/images/M/MV5BMTkyNjE3MjM2MV5BMl5BanBnXkFtZTYwMzY5ODk4._V1_SX300.jpg,"90,683",NA
1984,tt0088247,The Terminator,men-disagree,men,FAIL,6400000,38019031,78019031,1984FAIL,14345242,85217529,174875289,NA,NA,0088247,"A human-looking indestructible cyborg is sent from 2029 to 1984 to assassinate a waitress, whose unborn son will lead humanity in a war against the machines, while a soldier from that war is sent to protect her at all costs.",R,True,"English, Spanish","UK, USA","James Cameron, Gale Anne Hurd, William Wisher Jr. (additional dialogue)",84,8.1,James Cameron,26 Oct 1984,"Arnold Schwarzenegger, Michael Biehn, Linda Hamilton, Paul Winfield","Action, Sci-Fi",5 wins & 6 nominations.,107 min,movie,http://ia.media-imdb.com/images/M/MV5BODE1MDczNTUxOV5BMl5BanBnXkFtZTcwMTA0NDQyNA@@._V1_SX300.jpg,"413,023",NA
1983,tt0085549,Flashdance,ok,ok,PASS,7000000,90463574,201463574,1983PASS,16375486,211626424,471294841,NA,NA,0085549,A Pittsburgh woman with two jobs as a welder and an exotic dancer wants to get into ballet school.,R,True,English,USA,"Thomas Hedley Jr. (screenplay), Joe Eszterhas (screenplay), Thomas Hedley Jr. (story)",35,6,Adrian Lyne,15 Apr 1983,"Jennifer Beals, Michael Nouri, Lilia Skala, Sunny Johnson","Drama, Romance, Music",Won 1 Oscar. Another 10 wins & 14 nominations.,95 min,movie,http://ia.media-imdb.com/images/M/MV5BMjA5NjE2OTUxOF5BMl5BanBnXkFtZTgwNDE1NDIxMDE@._V1_SX300.jpg,"26,062",NA
1983,tt0086190,Star Wars: Episode VI - Return of the Jedi,nowomen-disagree,nowomen,FAIL,32500000,309205079,572700000,1983FAIL,76029041,723340482,1339748672,NA,NA,0086190,"After rescuing Han Solo from the palace of Jabba the Hutt, the Rebels attempt to destroy the Second Death Star, while Luke Skywalker tries to bring his father back to the Light Side of the Force.",PG,True,English,USA,"Lawrence Kasdan (screenplay), George Lucas (screenplay), George Lucas (story)",52,8.4,Richard Marquand,25 May 1983,"Mark Hamill, Harrison Ford, Carrie Fisher, Billy Dee Williams","Action, Adventure, Fantasy",Nominated for 4 Oscars. Another 12 wins & 14 nominations.,134 min,movie,http://ia.media-imdb.com/images/M/MV5BMjE5MTM3ODU5MV5BMl5BanBnXkFtZTcwOTYzNjk2OQ@@._V1_SX300.jpg,"441,741",NA
1983,tt0086393,Superman III,ok,ok,PASS,39000000,59950623,59950623,1983PASS,91234849,140245796,140245796,NA,NA,0086393,Synthetic kryptonite laced with tobacco tar splits Superman in two: good Clark Kent and bad Man of Steel.,PG,True,"English, Italian, Spanish","UK, USA","David Newman (screenplay), Leslie Newman (screenplay), Jerry Siegel (creator), Joe Shuster (creator)",42,4.9,Richard Lester,17 Jun 1983,"Christopher Reeve, Richard Pryor, Jackie Cooper, Marc McClure","Action, Comedy, Fantasy",1 win & 5 nominations.,125 min,movie,http://ia.media-imdb.com/images/M/MV5BMTU2MDA2OTY2NV5BMl5BanBnXkFtZTcwMDA5MzMyMQ@@._V1_SX300.jpg,"37,333",NA
1983,tt0086541,Videodrome,men,men,FAIL,5952000,2120439,2120439,1983FAIL,13923842,4960460,4960460,NA,NA,0086541,A sleazy cable-TV programmer begins to see his life and the future of media spin out of control in a very unusual fashion when he acquires a new kind of programming for his station.,R,True,English,Canada,David Cronenberg,60,7.3,David Cronenberg,04 Feb 1983,"James Woods, Sonja Smits, Deborah Harry, Peter Dvorsky","Horror, Sci-Fi",3 wins & 7 nominations.,87 min,movie,http://ia.media-imdb.com/images/M/MV5BMTQyODQ0OTY4M15BMl5BanBnXkFtZTcwMTk2ODYyMQ@@._V1_SX300.jpg,"44,482",NA
1983,tt0086567,WarGames,notalk,notalk,FAIL,12000000,74433837,74433837,1983FAIL,28072261,174127177,174127177,NA,NA,0086567,"A young man finds a back door into a military central computer in which reality is confused with game-playing, possibly starting World War III.",PG,True,English,USA,"Lawrence Lasker, Walter F. Parkes",NA,7.1,John Badham,03 Jun 1983,"Matthew Broderick, Dabney Coleman, John Wood, Ally Sheedy","Sci-Fi, Thriller",Nominated for 3 Oscars. Another 4 wins & 11 nominations.,114 min,movie,http://ia.media-imdb.com/images/M/MV5BMTMyMTE3OTk3NF5BMl5BanBnXkFtZTcwOTkwNDc3NA@@._V1_SX300.jpg,"58,655",NA
1982,tt0083658,Blade Runner,notalk,notalk,FAIL,28000000,32656328,33139618,1982FAIL,67571504,78808471,79974780,NA,NA,0083658,A blade runner must pursue and try to terminate four replicants who stole a ship in space and have returned to Earth to find their creator.,R,True,"English, German, Cantonese, Japanese, Hungarian","USA, Hong Kong, UK","Hampton Fancher (screenplay), David Webb Peoples (screenplay), Philip K. Dick (novel)",88,8.3,Ridley Scott,25 Jun 1982,"Harrison Ford, Rutger Hauer, Sean Young, Edward James Olmos","Drama, Sci-Fi, Thriller",Nominated for 2 Oscars. Another 10 wins & 15 nominations.,117 min,movie,http://ia.media-imdb.com/images/M/MV5BMTA4MDQxNTk2NDheQTJeQWpwZ15BbWU3MDE2NjIyODk@._V1_SX300.jpg,"349,913",NA
1982,tt0083722,Cat People,ok,ok,PASS,12500000,7000000,21000000,1982PASS,30165850,16892876,50678628,NA,NA,0083722,"In this erotic remake of the 1942 classic, a young woman's sexual awakening brings horror when she discovers her urges transform her into a monstrous black leopard.",R,True,English,USA,"DeWitt Bodeen (story), Alan Ormsby (screenplay)",NA,6,Paul Schrader,02 Apr 1982,"Nastassja Kinski, Malcolm McDowell, John Heard, Annette O'Toole","Drama, Fantasy, Horror",Nominated for 2 Golden Globes. Another 1 nomination.,118 min,movie,http://ia.media-imdb.com/images/M/MV5BMTQ1MjI5MDE2M15BMl5BanBnXkFtZTgwMTY0MjEyMDE@._V1_SX300.jpg,"11,524",NA
1982,tt0082198,Conan the Barbarian,notalk,notalk,FAIL,20000000,38264085,79114085,1982FAIL,48265360,92341492,190923490,NA,NA,0082198,A vengeful barbarian warrior sets off to avenge his tribe and his parents whom were slain by an evil sorcerer and his warriors when he was a boy.,R,True,English,USA,"Robert E. Howard (stories), John Milius, Oliver Stone",43,6.9,John Milius,14 May 1982,"Arnold Schwarzenegger, James Earl Jones, Max von Sydow, Sandahl Bergman","Action, Fantasy, Adventure",Won 1 Golden Globe. Another 1 win & 7 nominations.,129 min,movie,http://ia.media-imdb.com/images/M/MV5BMTQwMDUyMTcyNF5BMl5BanBnXkFtZTgwMjk2NzQxMTE@._V1_SX300.jpg,"93,331",NA
1982,tt0083833,Diner,notalk,notalk,FAIL,5000000,12592907,12592907,1982FAIL,12066340,30390060,30390060,NA,NA,0083833,A group of college-age buddies struggle with their imminent passage into adulthood in 1959 Baltimore.,R,True,English,USA,Barry Levinson,86,7.2,Barry Levinson,05 Mar 1982,"Steve Guttenberg, Daniel Stern, Mickey Rourke, Kevin Bacon","Comedy, Drama",Nominated for 1 Oscar. Another 5 wins & 2 nominations.,110 min,movie,http://ia.media-imdb.com/images/M/MV5BMTk2MTA3OTY4NV5BMl5BanBnXkFtZTYwMTQwOTM5._V1_SX300.jpg,"12,673",NA
1982,tt0083866,E.T.: The Extra-Terrestrial,dubious,dubious,FAIL,10500000,435110554,792965326,1982FAIL,25339314,1050038377,1913637848,NA,NA,0083866,NA,NA,NA,NA,NA,NA,NA,NA,NA,NA,NA,NA,NA,NA,NA,NA,NA,NA
1982,tt0083929,Fast Times at Ridgemont High,men,men,FAIL,4500000,27092880,27092880,1982FAIL,10859706,65382380,65382380,NA,NA,0083929,"A story of a group of California teenagers who enjoy malls, sex and rock n' roll.",R,True,English,USA,"Cameron Crowe (screenplay), Cameron Crowe (book)",67,7.2,Amy Heckerling,13 Aug 1982,"Sean Penn, Jennifer Jason Leigh, Judge Reinhold, Robert Romanus","Comedy, Drama, Romance",1 win & 1 nomination.,90 min,movie,http://ia.media-imdb.com/images/M/MV5BMTU5MTM0OTExOF5BMl5BanBnXkFtZTcwNjgxMzYyMQ@@._V1_SX300.jpg,"56,480",NA
1982,tt0083944,First Blood,nowomen,nowomen,FAIL,14000000,47212904,125212904,1982FAIL,33785752,113937390,302172295,NA,NA,0083944,A Vietnam Veteran uses his combat skills against the lawman of a small town when he arrests and abuses him.,R,True,English,USA,"David Morrell (novel), Michael Kozoll (screenplay), William Sackheim (screenplay), Sylvester Stallone (screenplay)",62,7.6,Ted Kotcheff,22 Oct 1982,"Sylvester Stallone, Richard Crenna, Brian Dennehy, Bill McKinney","Action, Adventure, Drama",2 nominations.,93 min,movie,http://ia.media-imdb.com/images/M/MV5BNzk5NDc4MDQyNV5BMl5BanBnXkFtZTgwNzg5NTYxMTE@._V1_SX300.jpg,"134,361",NA
1982,tt0083972,Friday the 13th Part III,dubious,dubious,FAIL,2250000,36690067,36690067,1982FAIL,5429853,88542965,88542965,NA,NA,0083972,"Having escaped, Jason Voorhees is back, hockey mask and all, to continue his murderous rampage across Camp Crystal Lake.",R,True,English,USA,"Martin Kitrosser (screenplay), Carol Watson (screenplay), Victor Miller (character creator), Ron Kurz (character creator)",NA,5.6,Steve Miner,13 Aug 1982,"Dana Kimmell, Paul Kratka, Tracie Savage, Jeffrey Rogers","Horror, Thriller",1 nomination.,95 min,movie,http://ia.media-imdb.com/images/M/MV5BMTc1NTI4NzAwN15BMl5BanBnXkFtZTYwMTA5NzY4._V1_SX300.jpg,"23,520",NA
1982,tt0084516,Poltergeist,ok,ok,PASS,10700000,74706019,121706019,1982PASS,25821968,180285645,293709241,NA,NA,0084516,A family's home is haunted by a host of ghosts.,PG,True,English,USA,"Steven Spielberg (screenplay), Michael Grais (screenplay), Mark Victor (screenplay), Steven Spielberg (story)",NA,7.4,Tobe Hooper,04 Jun 1982,"Craig T. Nelson, JoBeth Williams, Beatrice Straight, Dominique Dunne",Horror,Nominated for 3 Oscars. Another 4 wins & 4 nominations.,114 min,movie,http://ia.media-imdb.com/images/M/MV5BMTU4NzMyMjAyOV5BMl5BanBnXkFtZTYwNjY0MzI5._V1_SX300.jpg,"75,183",NA
1982,tt0084522,Porky&#39;s,men,men,FAIL,4000000,109492484,109492484,1982FAIL,9653072,264234708,264234708,NA,NA,0084522,NA,NA,NA,NA,NA,NA,NA,NA,NA,NA,NA,NA,NA,NA,NA,NA,NA,NA
1982,tt0084726,Star Trek: The Wrath of Khan,dubious-disagree,dubious,FAIL,12000000,79912963,96800000,1982FAIL,28959216,192851397,233604343,NA,NA,0084726,NA,NA,NA,NA,NA,NA,NA,NA,NA,NA,NA,NA,NA,NA,NA,NA,NA,NA
1982,tt0083642,The Best Little Whorehouse in Texas,ok,ok,PASS,20500000,69701637,69701637,1982PASS,49471994,168208730,168208730,NA,NA,0083642,"Town Sheriff and regular patron, fights to keep a historical whorehouse open when a TV preacher targets it as the Devils playhouse.",R,True,English,USA,"Larry L. King (play), Peter Masterson (play), Larry L. King (screenplay), Peter Masterson (screenplay), Colin Higgins (screenplay)",NA,5.7,Colin Higgins,23 Jul 1982,"Burt Reynolds, Dolly Parton, Dom DeLuise, Charles Durning","Comedy, Musical",Nominated for 1 Oscar. Another 2 nominations.,114 min,movie,http://ia.media-imdb.com/images/M/MV5BMTM3MDU4OTU1OV5BMl5BanBnXkFtZTcwNjE0MTQyMQ@@._V1_SX300.jpg,"6,524",NA
1982,tt0084805,Tootsie,notalk-disagree,notalk,FAIL,15000000,177200000,177200000,1982FAIL,36199020,427631090,427631090,NA,NA,0084805,An unemployed actor with a reputation for being difficult disguises himself as a woman to get a role in a soap opera.,R,True,English,USA,"Larry Gelbart (screenplay), Murray Schisgal (screenplay), Don McGuire (story), Larry Gelbart (story)",87,7.4,Sydney Pollack,17 Dec 1982,"Dustin Hoffman, Jessica Lange, Teri Garr, Dabney Coleman","Comedy, Drama, Romance",Won 1 Oscar. Another 30 wins & 23 nominations.,116 min,movie,http://ia.media-imdb.com/images/M/MV5BMTcxNTQ0ODE0OV5BMl5BanBnXkFtZTcwNzc1Mjk3OA@@._V1_SX300.jpg,"63,548",NA
1982,tt0084827,TRON,nowomen-disagree,nowomen,FAIL,17000000,26918576,26918576,1982FAIL,41025556,64961738,64961738,NA,NA,0084827,A computer hacker is abducted into the digital world and forced to participate in gladiatorial games where his only chance of escape is with the help of a heroic security program.,PG,True,English,USA,"Steven Lisberger (screenplay), Steven Lisberger (story), Bonnie MacBird (story)",NA,6.8,Steven Lisberger,09 Jul 1982,"Jeff Bridges, Bruce Boxleitner, David Warner, Cindy Morgan","Action, Adventure, Sci-Fi",Nominated for 2 Oscars. Another 1 win & 6 nominations.,96 min,movie,http://ia.media-imdb.com/images/M/MV5BMTY0OTM4ODM2MF5BMl5BanBnXkFtZTgwMTI0NDIxMDE@._V1_SX300.jpg,"77,873",NA
1981,tt0082096,Das Boot,nowomen,nowomen,FAIL,12000000,11487676,84970337,1981FAIL,30742635,29430119,217684336,NA,NA,0082096,"The claustrophobic world of a WWII German U-boat; boredom, filth, and sheer terror.",R,True,"German, English, French",West Germany,"Wolfgang Petersen (screenplay), Lothar G. Buchheim (novel)",86,8.5,Wolfgang Petersen,10 Feb 1982,"Jürgen Prochnow, Herbert Grönemeyer, Klaus Wennemann, Hubertus Bengsch","Action, Adventure, Drama",Nominated for 6 Oscars. Another 13 wins & 5 nominations.,149 min,movie,http://ia.media-imdb.com/images/M/MV5BMjE5Mzk5OTQ0Nl5BMl5BanBnXkFtZTYwNzUwMTQ5._V1_SX300.jpg,"126,994",NA
1981,tt0082340,Escape from New York,nowomen-disagree,nowomen,FAIL,6000000,25244700,25244700,1981FAIL,15371317,64674049,64674049,NA,NA,0082340,"In 1997, when the US President crashes into Manhattan, now a giant max. security prison, a convicted bank robber is sent in for a rescue.",R,True,English,"UK, USA","John Carpenter, Nick Castle",NA,7.2,John Carpenter,10 Jul 1981,"Kurt Russell, Lee Van Cleef, Ernest Borgnine, Donald Pleasence","Action, Sci-Fi",4 nominations.,99 min,movie,http://ia.media-imdb.com/images/M/MV5BMTUzMTY0Nzg0MV5BMl5BanBnXkFtZTgwMDU3MzQxMDE@._V1_SX300.jpg,"68,617",NA
1981,tt0082418,Friday the 13th Part 2,notalk,notalk,FAIL,1250000,21722776,21722776,1981FAIL,3202358,55651281,55651281,NA,NA,0082418,"Mrs. Voorhees is dead, and Camp Crystal Lake is shut down, but a camp next to the infamous place is stalked by an unknown assailant. Is it Mrs. Voorhees' son Jason who didn't drown in the lake some 30 years before?",R,True,English,USA,"Ron Kurz, Victor Miller (characters)",NA,6,Steve Miner,01 May 1981,"Amy Steel, John Furey, Adrienne King, Kirsten Baker","Horror, Mystery, Thriller",1 nomination.,87 min,movie,http://ia.media-imdb.com/images/M/MV5BMzE4NDkyMjgwM15BMl5BanBnXkFtZTcwNTY4ODgyMQ@@._V1_SX300.jpg,"28,791",NA
1981,tt0082495,Halloween II,ok,ok,PASS,2500000,25533818,25533818,1981PASS,6404716,65414737,65414737,NA,NA,0082495,"Laurie Strode is rushed to the hospital, while Sheriff Brackett and Dr. Loomis hunt the streets for Michael Myers, who has found Laurie at the Haddonfield Hospital.",R,True,English,USA,"John Carpenter, Debra Hill",44,6.5,Rick Rosenthal,30 Oct 1981,"Jamie Lee Curtis, Donald Pleasence, Charles Cyphers, Jeffrey Kramer","Horror, Thriller",2 nominations.,92 min,movie,http://ia.media-imdb.com/images/M/MV5BMTUwNTYyMzQ2MV5BMl5BanBnXkFtZTYwNjAzNzM5._V1_SX300.jpg,"38,471",NA
1981,tt0082509,Heavy Metal,notalk,notalk,FAIL,9300000,19571091,19571091,1981FAIL,23825542,50138908,50138908,NA,NA,0082509,"A glowing orb terrorizes a young girl with a collection of stories of dark fantasy, eroticism and horror.",R,True,English,Canada,"Daniel Goldberg (screenplay), Len Blum (screenplay), Dan O'Bannon (original story), Daniel Goldberg (story), Len Blum (story), Richard Corben (original story), Bernie Wrightson (original story), Dan O'Bannon (story), Angus McKie (original story), Daniel Goldberg (story), Len Blum (story)",NA,6.7,Gerald Potterton,07 Aug 1981,"Don Francks, Caroline Semple, Richard Romanus, Susan Roman","Animation, Adventure, Fantasy",3 wins & 1 nomination.,86 min,movie,http://ia.media-imdb.com/images/M/MV5BMzYzNTU1MjEzNF5BMl5BanBnXkFtZTYwMTQ0OTU5._V1_SX300.jpg,"18,505",NA
1981,tt0082517,History of the World: Part I,notalk-disagree,notalk,FAIL,11000000,31672000,31672000,1981FAIL,28180748,81140060,81140060,NA,NA,0082517,Mel Brooks brings his one-of-a-kind comic touch to the history of mankind covering events from the Old Testament to the French Revolution in a series of episodic comedy vignettes.,R,True,"English, Latin, French",USA,Mel Brooks,NA,6.8,Mel Brooks,12 Jun 1981,"Mel Brooks, Dom DeLuise, Madeline Kahn, Harvey Korman","Comedy, Musical",N/A,92 min,movie,http://ia.media-imdb.com/images/M/MV5BMTc1NDYxNzk0MV5BMl5BanBnXkFtZTYwODk2OTY5._V1_SX300.jpg,"28,166",NA
1981,tt0082971,Raiders of the Lost Ark,nowomen-disagree,nowomen,FAIL,20000000,248159971,389925971,1981FAIL,51237724,635757611,998945973,NA,NA,0082971,Archeologist and adventurer Indiana Jones is hired by the US government to find the Ark of the Covenant before the Nazis.,PG,True,"English, German, Hebrew, Spanish, Arabic, Nepali",USA,"Lawrence Kasdan (screenplay), George Lucas (story), Philip Kaufman (story)",90,8.6,Steven Spielberg,12 Jun 1981,"Harrison Ford, Karen Allen, Paul Freeman, Ronald Lacey","Action, Adventure",Won 4 Oscars. Another 25 wins & 22 nominations.,115 min,movie,http://ia.media-imdb.com/images/M/MV5BMjA0ODEzMTc1Nl5BMl5BanBnXkFtZTcwODM2MjAxNA@@._V1_SX300.jpg,"471,716",NA
1981,tt0083907,The Evil Dead,notalk,notalk,FAIL,375000,2400000,29400000,1981FAIL,960707,6148527,75319455,NA,NA,0083907,"Five friends travel to a cabin in the woods, where they unknowingly release flesh-possessing demons.",NC-17,True,English,USA,Sam Raimi,70,7.6,Sam Raimi,24 Apr 1983,"Bruce Campbell, Ellen Sandweiss, Richard DeManincor, Betsy Baker",Horror,3 wins & 1 nomination.,85 min,movie,http://ia.media-imdb.com/images/M/MV5BMTkyNzI4MTE2OF5BMl5BanBnXkFtZTYwODE2NzM5._V1_SX300.jpg,"107,444",NA
1981,tt0081633,Time Bandits,notalk,notalk,FAIL,12000000,37400000,37400000,1981FAIL,30742635,95814545,95814545,NA,NA,0081633,A young boy accidently joins a band of dwarves as they jump from time-period to time-period looking for treasure to steal.,PG,True,English,UK,"Michael Palin, Terry Gilliam",NA,7,Terry Gilliam,06 Nov 1981,"John Cleese, Sean Connery, Shelley Duvall, Katherine Helmond","Adventure, Comedy, Fantasy",1 win & 8 nominations.,110 min,movie,http://ia.media-imdb.com/images/M/MV5BMTg2MDYwMzM0NF5BMl5BanBnXkFtZTcwODI3MTQ5OQ@@._V1_SX300.jpg,"36,883",NA
1980,tt0080339,Airplane!,dubious,dubious,FAIL,3500000,83453539,83453539,1980FAIL,9897188,235987236,235987236,NA,NA,0080339,An airplane crew takes ill. Surely the only person capable of landing the plane is an ex-pilot afraid to fly. But don't call him Shirley.,PG,True,English,USA,"Jim Abrahams (written for the screen by), David Zucker (written for the screen by), Jerry Zucker (written for the screen by)",NA,7.8,"Jim Abrahams, David Zucker, Jerry Zucker",02 Jul 1980,"Kareem Abdul-Jabbar, Lloyd Bridges, Peter Graves, Julie Hagerty",Comedy,Nominated for 1 Golden Globe. Another 2 wins & 5 nominations.,88 min,movie,http://ia.media-imdb.com/images/M/MV5BNDU2MjE4MTcwNl5BMl5BanBnXkFtZTgwNDExOTMxMDE@._V1_SX300.jpg,"121,941",NA
1980,tt0080492,Can&#39;t Stop the Music,ok,ok,PASS,20000000,2000000,2000000,1980PASS,56555357,5655536,5655536,NA,NA,0080492,NA,NA,NA,NA,NA,NA,NA,NA,NA,NA,NA,NA,NA,NA,NA,NA,NA,NA
1980,tt0080716,Fame,ok,ok,PASS,18000000,22455510,77956957,1980PASS,50899822,63498970,220444178,NA,NA,0080716,A chronicle of the lives of several teenagers who attend a New York high school for students gifted in the performing arts.,R,True,"English, Spanish, French",USA,Christopher Gore,NA,6.5,Alan Parker,16 May 1980,"Eddie Barth, Irene Cara, Lee Curreri, Laura Dean","Drama, Music, Musical",Won 2 Oscars. Another 4 wins & 16 nominations.,134 min,movie,http://ia.media-imdb.com/images/M/MV5BMzk2NzA4NjQ4NV5BMl5BanBnXkFtZTgwMzE4OTI1MDE@._V1_SX300.jpg,"13,478",NA
1980,tt0080745,Flash Gordon,dubious,dubious,FAIL,35000000,27107960,27107960,1980FAIL,98971875,76655018,76655018,NA,NA,0080745,A football player and his friends travel to the planet Mongo and find themselves fighting the tyranny of Ming the Merciless to save Earth.,PG,True,English,"USA, UK","Lorenzo Semple Jr. (screenplay), Michael Allin (adaptation), Alex Raymond (based on the characters created by)",63,6.4,Mike Hodges,05 Dec 1980,"Sam J. Jones, Melody Anderson, Max von Sydow, Topol","Action, Adventure, Fantasy",Nominated for 2 BAFTA Film Awards. Another 1 win & 8 nominations.,111 min,movie,http://ia.media-imdb.com/images/M/MV5BMjE1OTU3ODAwMl5BMl5BanBnXkFtZTcwMzQ2NjczNA@@._V1_SX300.jpg,"29,145",NA
1980,tt0080761,Friday the 13th,men-disagree,men,FAIL,17000000,65002019,91700771,1980FAIL,48072054,183810620,259308493,NA,NA,0080761,Camp counselors are stalked and murdered by an unknown assailant while trying to reopen a summer camp that was the site of a child's drowning.,X,True,English,USA,"Victor Miller (screenplay), Sean S. Cunningham (story), Victor Miller (story)",NA,6.5,Sean S. Cunningham,09 May 1980,"Betsy Palmer, Adrienne King, Jeannine Taylor, Robbi Morgan",Horror,4 nominations.,95 min,movie,http://ia.media-imdb.com/images/M/MV5BOTYzNDkwNTA1NF5BMl5BanBnXkFtZTcwMjIyNDAyMQ@@._V1_SX300.jpg,"60,328",NA
1980,tt0080855,Heaven&#39;s Gate,nowomen,nowomen,FAIL,44000000,3484331,3484331,1980FAIL,124421786,9852879,9852879,NA,NA,0080855,NA,NA,NA,NA,NA,NA,NA,NA,NA,NA,NA,NA,NA,NA,NA,NA,NA,NA
1980,tt0081375,Private Benjamin,ok,ok,PASS,15000000,69847348,69847348,1980PASS,42416518,197512086,197512086,NA,NA,0081375,A sheltered young high society woman joins the army on a whim and finds herself in a more difficult situation than she ever expected.,R,True,English,USA,"Nancy Meyers, Charles Shyer, Harvey Miller",NA,6,Howard Zieff,10 Oct 1980,"Goldie Hawn, Eileen Brennan, Armand Assante, Robert Webber","Comedy, War",Nominated for 3 Oscars. Another 3 wins & 1 nomination.,109 min,movie,http://ia.media-imdb.com/images/M/MV5BMjIyNjkxMjUyMF5BMl5BanBnXkFtZTgwMzU0MjEyMDE@._V1_SX300.jpg,"14,584",NA
1980,tt0081398,Raging Bull,notalk,notalk,FAIL,18000000,23380203,23380203,1980FAIL,50899822,66113787,66113787,NA,NA,0081398,"An emotionally self-destructive boxer's journey through life, as the violence and temper that leads him to the top in the ring, destroys his life outside it.",R,True,English,USA,"Jake LaMotta (based on the book by), Joseph Carter (with), Peter Savage (with), Paul Schrader (screenplay), Mardik Martin (screenplay)",92,8.3,Martin Scorsese,19 Dec 1980,"Robert De Niro, Cathy Moriarty, Joe Pesci, Frank Vincent","Biography, Drama, Sport",Won 2 Oscars. Another 26 wins & 19 nominations.,129 min,movie,http://ia.media-imdb.com/images/M/MV5BMjIxOTg3OTc5MF5BMl5BanBnXkFtZTcwNzkwNjMwNA@@._V1_SX300.jpg,"173,235",NA
1980,tt0081534,Somewhere in Time,men,men,FAIL,5100000,9709597,9709597,1980FAIL,14421616,27456486,27456486,NA,NA,0081534,A Chicago playwright uses self-hypnosis to find the actress whose vintage portrait hangs in a grand hotel.,PG,True,English,USA,"Richard Matheson (screenplay), Richard Matheson (novel)",29,7.3,Jeannot Szwarc,03 Oct 1980,"Christopher Reeve, Jane Seymour, Christopher Plummer, Teresa Wright","Drama, Fantasy, Romance",Nominated for 1 Oscar. Another 6 wins & 3 nominations.,103 min,movie,http://ia.media-imdb.com/images/M/MV5BMTI3MTI4MzE3MV5BMl5BanBnXkFtZTcwOTMzNzAwMQ@@._V1_SX300.jpg,"16,800",NA
1980,tt0080684,Star Wars: Episode V - The Empire Strikes Back,nowomen-disagree,nowomen,FAIL,23000000,290271960,534171960,1980FAIL,65038661,820821721,1510514303,NA,NA,0080684,"After the rebels have been brutally overpowered by the Empire on their newly established base, Luke Skywalker takes advanced Jedi training with Master Yoda, while his friends are pursued by Darth Vader as part of his plan to capture Luke.",PG,True,English,USA,"Leigh Brackett (screenplay), Lawrence Kasdan (screenplay), George Lucas (story)",78,8.8,Irvin Kershner,21 May 1980,"Mark Hamill, Harrison Ford, Carrie Fisher, Billy Dee Williams","Action, Adventure, Sci-Fi",Won 1 Oscar. Another 12 wins & 16 nominations.,124 min,movie,http://ia.media-imdb.com/images/M/MV5BMjE2MzQwMTgxN15BMl5BanBnXkFtZTcwMDQzNjk2OQ@@._V1_SX300.jpg,"565,009",NA
1980,tt0081573,Superman II,dubious,dubious,FAIL,54000000,108185706,108185706,1980FAIL,152699465,305924063,305924063,NA,NA,0081573,"Superman agrees to sacrifice his powers to marry Lois, unaware that three Kryptonian criminals he inadvertently released are conquering Earth.",PG,True,"English, French, Russian","USA, UK","Jerry Siegel (characters), Joe Shuster (characters), Mario Puzo (story), Mario Puzo (screenplay), David Newman (screenplay), Leslie Newman (screenplay)",87,6.8,"Richard Lester, Richard Donner",19 Jun 1981,"Gene Hackman, Christopher Reeve, Ned Beatty, Jackie Cooper","Action, Sci-Fi",2 wins & 4 nominations.,127 min,movie,http://ia.media-imdb.com/images/M/MV5BMTY5MTk3MjcyNl5BMl5BanBnXkFtZTYwNjY3NTU5._V1_SX300.jpg,"56,800",NA
1980,tt0080455,The Blues Brothers,notalk,notalk,FAIL,27000000,57229890,57229890,1980FAIL,76349732,161832844,161832844,NA,NA,0080455,"Jake Blues, just out from prison, puts together his old band to save the Catholic home where he and brother Elwood were raised.",R,True,English,USA,"Dan Aykroyd, John Landis",NA,8,John Landis,20 Jun 1980,"John Belushi, Dan Aykroyd, James Brown, Cab Calloway","Action, Comedy, Musical",1 win.,133 min,movie,http://ia.media-imdb.com/images/M/MV5BMTM4MjYwMTk5M15BMl5BanBnXkFtZTYwNTQzMTI5._V1_SX300.jpg,"110,332",NA
1980,tt0080749,The Fog,ok,ok,PASS,18000000,29511112,37048526,1980PASS,50899822,83450574,104764631,NA,NA,0080749,"A Northern California fishing town, built 100 years ago over an old leper colony, becomes shrouded by a killer fog containing zombie-like ghosts seeking revenge for their deaths.",R,True,English,USA,"John Carpenter, Debra Hill",NA,6.8,John Carpenter,08 Feb 1980,"Adrienne Barbeau, Jamie Lee Curtis, Janet Leigh, John Houseman",Horror,1 win & 2 nominations.,89 min,movie,http://ia.media-imdb.com/images/M/MV5BMTMzNTk5MjQyM15BMl5BanBnXkFtZTcwODQxOTAzMQ@@._V1_SX300.jpg,"35,554",NA
1980,tt0081505,The Shining,men-disagree,men,FAIL,19000000,44017374,44017374,1980FAIL,53727589,124470916,124470916,NA,NA,0081505,"A family heads to an isolated hotel for the winter where an evil and spiritual presence influences the father into violence, while his psychic son sees horrific forebodings from the past and of the future.",R,True,English,"UK, USA","Stephen King (novel), Stanley Kubrick (screenplay), Diane Johnson (screenplay)",61,8.5,Stanley Kubrick,23 May 1980,"Jack Nicholson, Shelley Duvall, Danny Lloyd, Scatman Crothers",Horror,2 wins & 5 nominations.,144 min,movie,http://ia.media-imdb.com/images/M/MV5BODMxMjE3NTA4Ml5BMl5BanBnXkFtZTgwNDc0NTIxMDE@._V1_SX300.jpg,"418,972",NA
1979,tt0078748,Alien,ok,ok,PASS,9000000,80930630,203630630,1979PASS,28886103,259752278,653566146,NA,NA,0078748,"The commercial vessel Nostromo receives a distress call from an unexplored planet. After searching for survivors, the crew heads home only to realize that a deadly bioform has joined them.",R,True,"English, Spanish","USA, UK","Dan O'Bannon (story), Ronald Shusett (story), Dan O'Bannon (screenplay)",83,8.5,Ridley Scott,22 Jun 1979,"Tom Skerritt, Sigourney Weaver, Veronica Cartwright, Harry Dean Stanton","Horror, Sci-Fi",Won 1 Oscar. Another 12 wins & 18 nominations.,117 min,movie,http://ia.media-imdb.com/images/M/MV5BMTk3NzkwMjA3OV5BMl5BanBnXkFtZTYwMTIwOTk2._V1_SX300.jpg,"391,087",NA
1979,tt0078788,Apocalypse Now,nowomen-disagree,nowomen,FAIL,31500000,78800000,78800000,1979FAIL,101101360,252913878,252913878,NA,NA,0078788,"During the U.S.-Viet Nam War, Captain Willard is sent on a dangerous mission into Cambodia to assassinate a renegade colonel who has set himself up as a god among a local tribe.",R,True,"English, French, Vietnamese, Khmer",USA,"John Milius, Francis Ford Coppola, Michael Herr (narration)",90,8.5,Francis Ford Coppola,15 Aug 1979,"Marlon Brando, Martin Sheen, Robert Duvall, Frederic Forrest","Drama, War",Won 2 Oscars. Another 17 wins & 30 nominations.,153 min,movie,http://ia.media-imdb.com/images/M/MV5BMTcyMzQ5NDM4OV5BMl5BanBnXkFtZTcwODUwNDg3OA@@._V1_SX300.jpg,"333,237",NA
1979,tt0079574,Moonraker,notalk,notalk,FAIL,31000000,70300000,210300000,1979FAIL,99496576,225632559,674971936,NA,NA,0079574,James Bond investigates the mid-air theft of a space shuttle and discovers a plot to commit global genocide.,PG,True,"English, Italian","UK, France",Christopher Wood (screenplay),NA,6.2,Lewis Gilbert,29 Jun 1979,"Roger Moore, Lois Chiles, Michael Lonsdale, Richard Kiel","Action, Adventure, Crime",Nominated for 1 Oscar. Another 1 win & 4 nominations.,126 min,movie,http://ia.media-imdb.com/images/M/MV5BMjQyMjUyNzY4MF5BMl5BanBnXkFtZTcwNzIyMzY0NA@@._V1_SX300.jpg,"52,975",NA
1979,tt0079945,Star Trek: The Motion Picture,notalk,notalk,FAIL,35000000,82258456,139000000,1979FAIL,112334844,264014024,446129810,NA,NA,0079945,"When a destructive space entity is spotted approaching Earth, Admiral Kirk resumes command of the Starship Enterprise in order to intercept, examine and hopefully stop the intruder.",PG,True,"English, Klingon",USA,"Gene Roddenberry (television series Star Trek), Alan Dean Foster (story), Harold Livingston (screenplay)",48,6.3,Robert Wise,07 Dec 1979,"William Shatner, Leonard Nimoy, DeForest Kelley, James Doohan","Adventure, Mystery, Sci-Fi",Nominated for 3 Oscars. Another 2 wins & 15 nominations.,132 min,movie,http://ia.media-imdb.com/images/M/MV5BNzE4MTY1MTMyN15BMl5BanBnXkFtZTcwMzk5MzI4OA@@._V1_SX300.jpg,"49,699",NA
1979,tt0078767,The Amityville Horror,ok,ok,PASS,18500000,65233369,109175673,1979PASS,59376989,209370867,350406635,NA,NA,0078767,"Newlyweds move into a house where a murder was committed, and experience strange manifestations which drive them away.",R,True,English,USA,"Sandor Stern (screenplay), Jay Anson (book)",NA,6.2,Stuart Rosenberg,27 Jul 1979,"James Brolin, Margot Kidder, Rod Steiger, Don Stroud",Horror,Nominated for 1 Oscar. Another 3 nominations.,117 min,movie,http://ia.media-imdb.com/images/M/MV5BMTc0NDMyNTU3M15BMl5BanBnXkFtZTcwMjM0MTgwNA@@._V1_SX300.jpg,"22,255",NA
1978,tt0077975,Animal House,men,men,FAIL,3000000,141600000,141600000,1978FAIL,10712118,505611968,505611968,NA,NA,0077975,"At a 1962 College, Dean Vernon Wormer is determined to expel the entire Delta Tau Chi Fraternity, but those troublemakers have other plans for him.",R,True,"English, Italian",USA,"Harold Ramis, Douglas Kenney, Chris Miller",82,7.7,John Landis,28 Jul 1978,"Tom Hulce, Stephen Furst, Mark Metcalf, Mary Louise Weller","Comedy, Romance",2 wins & 1 nomination.,109 min,movie,http://ia.media-imdb.com/images/M/MV5BMTU4OTEyNzY4NF5BMl5BanBnXkFtZTgwMzU5NTYxMTE@._V1_SX300.jpg,"74,769",NA
1978,tt0077402,Dawn of the Dead,nowomen,nowomen,FAIL,28000000,58990765,103452875,1978FAIL,99979768,210638678,369399800,NA,NA,0077402,"Following an ever-growing epidemic of zombies that have risen from the dead, two Philadelphia SWAT team members, a traffic reporter, and his television-executive girlfriend seek refuge in a secluded shopping mall.",Unrated,True,English,"Italy, USA",George A. Romero,NA,8.1,George A. Romero,24 May 1979,"David Emge, Ken Foree, Scott H. Reiniger, Gaylen Ross",Horror,2 wins & 2 nominations.,127 min,movie,http://ia.media-imdb.com/images/M/MV5BMjE1NzI5OTA1OF5BMl5BanBnXkFtZTcwMjg1MDUyMQ@@._V1_SX300.jpg,"73,043",NA
1978,tt0077405,Days of Heaven,ok,ok,PASS,3000000,3446749,3660880,1978PASS,10712118,12307327,13071926,NA,NA,0077405,A hot-tempered farm laborer convinces the woman he loves to marry their rich but dying boss so that they can have a claim to his fortune.,PG,True,"English, Italian",USA,Terrence Malick,93,8,Terrence Malick,13 Sep 1978,"Richard Gere, Brooke Adams, Sam Shepard, Linda Manz","Drama, Romance",Won 1 Oscar. Another 12 wins & 8 nominations.,94 min,movie,http://ia.media-imdb.com/images/M/MV5BMTkwNTEzNTgwN15BMl5BanBnXkFtZTcwODM2MTI1MQ@@._V1_SX300.jpg,"28,137",NA
1978,tt0077631,Grease,ok,ok,PASS,6000000,181813770,387513770,1978PASS,21424236,649203517,1383697739,NA,NA,0077631,"Good girl Sandy and greaser Danny fell in love over the summer. But when they unexpectedly discover they're now in the same high school, will they be able to rekindle their romance?",PG-13,True,English,USA,"Jim Jacobs (based on the original musical by), Warren Casey (based on the original musical by), Bronte Woodard (screenplay), Allan Carr (adaptation)",70,7.2,Randal Kleiser,16 Jun 1978,"John Travolta, Olivia Newton-John, Stockard Channing, Jeff Conaway","Musical, Romance",Nominated for 1 Oscar. Another 3 wins & 7 nominations.,110 min,movie,http://ia.media-imdb.com/images/M/MV5BMTcyMTA5MTY3MF5BMl5BanBnXkFtZTgwMTMwNzAxMDE@._V1_SX300.jpg,"122,176",NA
1978,tt0077651,Halloween,dubious,dubious,FAIL,15000000,58269151,77514401,1978FAIL,53560590,208062006,276781136,NA,NA,0077651,"A psychotic murderer institutionalized since childhood for the murder of his sister, escapes and stalks a bookish teenage girl and her friends while his doctor chases him through the streets.",R,True,English,USA,"John Carpenter (screenplay), Debra Hill (screenplay)",85,7.9,John Carpenter,25 Oct 1978,"Donald Pleasence, Jamie Lee Curtis, Nancy Kyes, P.J. Soles","Horror, Thriller",3 wins & 3 nominations.,91 min,movie,http://ia.media-imdb.com/images/M/MV5BMTY0Nzk0NTk2OF5BMl5BanBnXkFtZTcwNjQ3NTk0MQ@@._V1_SX300.jpg,"121,971",NA
1978,tt0077713,I Spit on Your Grave,nowomen,nowomen,FAIL,1750000,93051,1278471,1978FAIL,6248735,332258,4565044,NA,NA,0077713,"An aspiring writer is repeatedly gang-raped, humiliated, and left for dead by four men whom she systematically hunts down to seek revenge.",X,True,English,USA,Meir Zarchi,NA,5.6,Meir Zarchi,22 Nov 1978,"Camille Keaton, Eron Tabor, Richard Pace, Anthony Nichols","Horror, Thriller",1 win.,101 min,movie,http://ia.media-imdb.com/images/M/MV5BMTIyMjYwNzc3Ml5BMl5BanBnXkFtZTcwMjY0ODAwMQ@@._V1_SX300.jpg,"15,755",NA
1978,tt0078346,Superman,notalk,notalk,FAIL,55000000,134218018,300200000,1978FAIL,196388829,479253080,1071925937,NA,NA,0078346,"An alien orphan is sent from his dying planet to Earth, where he grows up to become his adoptive home's first and greatest superhero.",PG,True,English,"USA, UK","Jerry Siegel (creator), Joe Shuster (creator), Mario Puzo (story), Mario Puzo (screenplay), David Newman (screenplay), Leslie Newman (screenplay), Robert Benton (screenplay)",86,7.4,Richard Donner,15 Dec 1978,"Marlon Brando, Gene Hackman, Christopher Reeve, Ned Beatty","Action, Fantasy, Sci-Fi",Nominated for 3 Oscars. Another 13 wins & 16 nominations.,143 min,movie,http://ia.media-imdb.com/images/M/MV5BMTI1MjA5MzM0OF5BMl5BanBnXkFtZTYwNTc0MTQ5._V1_SX300.jpg,"99,252",NA
1978,tt0077416,The Deer Hunter,notalk,notalk,FAIL,15000000,50000000,50000000,1978FAIL,53560590,178535299,178535299,NA,NA,0077416,An in-depth examination of the way that the Vietnam war affects the lives of people in a small industrial town in the USA.,R,True,"English, Russian, Vietnamese, French","UK, USA","Michael Cimino (story), Deric Washburn (story), Louis Garfinkle (story), Quinn K. Redeker (story), Deric Washburn (screenplay)",73,8.2,Michael Cimino,23 Feb 1979,"Robert De Niro, John Cazale, John Savage, Christopher Walken","Drama, War",Won 5 Oscars. Another 21 wins & 17 nominations.,182 min,movie,http://ia.media-imdb.com/images/M/MV5BMTk3MTQzMDUwMF5BMl5BanBnXkFtZTgwMTUxNzYxMTE@._V1_SX300.jpg,"173,855",NA
1977,tt0075784,A Bridge Too Far,notalk,notalk,FAIL,26000000,50800000,50800000,1977FAIL,99921804,195231833,195231833,NA,NA,0075784,"A historical telling of the failed attempt to capture several bridges on a road to Germany in World War II, in a campaign called Operation Market-Garden.",PG,True,"English, German, Dutch, Polish, Latin","USA, UK","Cornelius Ryan (book), William Goldman (screenplay)",NA,7.4,Richard Attenborough,15 Jun 1977,"Siem Vroom, Marlies van Alcmaer, Erik van 't Wout, Wolfgang Preiss","Drama, History, War",Won 3 BAFTA Film Awards. Another 4 wins & 4 nominations.,175 min,movie,http://ia.media-imdb.com/images/M/MV5BMTczNjg0MzQyM15BMl5BanBnXkFtZTcwMjY0NjAzNA@@._V1_SX300.jpg,"32,766",NA
1977,tt0075686,Annie Hall,ok,ok,PASS,4000000,38251425,38251425,1977PASS,15372585,147005823,147005823,NA,NA,0075686,Neurotic New York comedian Alvy Singer falls in love with the ditsy Annie Hall.,PG,True,"English, German",USA,"Woody Allen, Marshall Brickman",NA,8.2,Woody Allen,20 Apr 1977,"Woody Allen, Diane Keaton, Tony Roberts, Carol Kane","Comedy, Romance",Won 4 Oscars. Another 26 wins & 7 nominations.,93 min,movie,http://ia.media-imdb.com/images/M/MV5BMTU1NDM2MjkwM15BMl5BanBnXkFtZTcwODU3OTYwNA@@._V1_SX300.jpg,"138,710",NA
1977,tt0075860,Close Encounters of the Third Kind,notalk,notalk,FAIL,20000000,166000000,337700000,1977FAIL,76862926,637962288,1297830510,NA,NA,0075860,"After an encounter with UFOs, a line worker feels undeniably drawn to an isolated area in the wilderness where something spectacular is about to happen.",PG,True,"English, French, Spanish, Hindi",USA,Steven Spielberg,91,7.7,Steven Spielberg,16 Nov 1977,"Richard Dreyfuss, François Truffaut, Teri Garr, Melinda Dillon","Adventure, Drama, Sci-Fi",Won 1 Oscar. Another 15 wins & 33 nominations.,137 min,movie,http://ia.media-imdb.com/images/M/MV5BMjM1NjE5NjQxN15BMl5BanBnXkFtZTgwMjYzMzQxMDE@._V1_SX300.jpg,"109,786",NA
1977,tt0074486,Eraserhead,nowomen,nowomen,FAIL,100000,7000000,7000000,1977FAIL,384315,26902024,26902024,NA,NA,0074486,"Henry Spencer tries to survive his industrial environment, his angry girlfriend, and the unbearable screams of his newly born mutant child.",Unrated,True,English,USA,David Lynch,NA,7.4,David Lynch,31 Dec 1978,"Jack Nance, Charlotte Stewart, Allen Joseph, Jeanne Bates","Fantasy, Horror",2 wins & 1 nomination.,85 min,movie,http://ia.media-imdb.com/images/M/MV5BMjI4NjgxMjYwMl5BMl5BanBnXkFtZTgwNjc4NjY1MDE@._V1_SX300.jpg,"49,545",NA
1977,tt0076141,High Anxiety,notalk,notalk,FAIL,3400000,31063038,31063038,1977FAIL,13066697,119379800,119379800,NA,NA,0076141,"Dr. Richard Thorndyke arrives as new administrator of the Psychoneurotic Institute for the Very, VERY Nervous to discover some suspicious goings-on. When he's framed for murder, Dr. ...",PG,True,English,USA,"Mel Brooks, Ron Clark, Rudy De Luca, Barry Levinson",NA,6.7,Mel Brooks,01 Sep 1978,"Mel Brooks, Madeline Kahn, Cloris Leachman, Harvey Korman",Comedy,N/A,94 min,movie,http://ia.media-imdb.com/images/M/MV5BMTI3NTM1OTc2Ml5BMl5BanBnXkFtZTcwNjQyNjQzMQ@@._V1_SX300.jpg,"11,500",NA
1977,tt0076245,Julia,ok,ok,PASS,6000000,65108,1365108,1977PASS,23058878,250220,5246310,NA,NA,0076245,"At the behest of an old and dear friend, playwright Lillian Hellman undertakes a dangerous mission to smuggle funds into Nazi Germany.",PG,True,"English, French, German, Russian",USA,"Lillian Hellman (based upon the story by), Alvin Sargent (screenplay)",NA,7.5,Fred Zinnemann,01 Oct 1977,"Jane Fonda, Vanessa Redgrave, Jason Robards, Maximilian Schell",Drama,Won 3 Oscars. Another 21 wins & 21 nominations.,117 min,movie,http://ia.media-imdb.com/images/M/MV5BMTg5NjQ5ODQxMF5BMl5BanBnXkFtZTcwNDk0OTgyMQ@@._V1_SX300.jpg,"5,112",NA
1977,tt0076759,Star Wars,notalk,notalk,FAIL,11000000,460998007,797900000,1977FAIL,42274609,1771682790,3066446442,NA,NA,0076759,NA,NA,NA,NA,NA,NA,NA,NA,NA,NA,NA,NA,NA,NA,NA,NA,NA,NA
1976,tt0074156,Assault on Precinct 13,notalk,notalk,FAIL,30000000,20040895,36040895,1976FAIL,122754817,82003880,147473116,NA,NA,0074156,The lone inhabitants of an abandoned police station are under attack by the overwhelming numbers of a seemingly unstoppable street gang.,R,True,English,USA,John Carpenter,NA,7.4,John Carpenter,05 Nov 1976,"Austin Stoker, Darwin Joston, Laurie Zimmer, Martin West","Action, Crime, Thriller",1 nomination.,91 min,movie,http://ia.media-imdb.com/images/M/MV5BMTQ5MjQ3NzY2OF5BMl5BanBnXkFtZTYwNzkzNDk5._V1_SX300.jpg,"24,133",NA
1976,tt0074512,Family Plot,ok,ok,PASS,3000000,13200000,13200000,1976PASS,12275482,54012120,54012120,NA,NA,0074512,Lighthearted suspense film about a phony psychic/con artist and her taxi driver/private investigator boyfriend who encounter a pair of serial kidnappers while trailing a missing heir in California.,PG,True,English,USA,"Ernest Lehman (screenplay), Victor Canning (novel)",NA,6.8,Alfred Hitchcock,09 Apr 1976,"Karen Black, Bruce Dern, Barbara Harris, William Devane","Comedy, Thriller",Nominated for 1 Golden Globe. Another 2 wins & 3 nominations.,120 min,movie,http://ia.media-imdb.com/images/M/MV5BMTMyMDYwOTgzMV5BMl5BanBnXkFtZTcwNjA2NTEwNA@@._V1_SX300.jpg,"12,236",NA
1976,tt0074812,Logan&#39;s Run,men,men,FAIL,7000000,25000000,25000000,1976FAIL,28642791,102295681,102295681,NA,NA,0074812,NA,NA,NA,NA,NA,NA,NA,NA,NA,NA,NA,NA,NA,NA,NA,NA,NA,NA
1976,tt0074958,Network,ok,ok,PASS,3800000,23689877,23689877,1976PASS,15548943,96934884,96934884,NA,NA,0074958,A television network cynically exploits a deranged former anchor's ravings and revelations about the news media for its own profit.,R,True,English,USA,Paddy Chayefsky (by),NA,8.2,Sidney Lumet,27 Nov 1976,"Faye Dunaway, William Holden, Peter Finch, Robert Duvall",Drama,Won 4 Oscars. Another 22 wins & 19 nominations.,121 min,movie,http://ia.media-imdb.com/images/M/MV5BMTc1NjIyMDcxNl5BMl5BanBnXkFtZTgwMzU2MTUxMDE@._V1_SX300.jpg,"75,531",NA
1976,tt0075148,Rocky,notalk,notalk,FAIL,1000000,117235147,225000000,1976FAIL,4091827,479705967,920661128,NA,NA,0075148,"Rocky Balboa, a small-time boxer gets a supremely rare chance to fight the heavy-weight champion, Apollo Creed, in a bout in which he strives to go the distance for his self-respect.",PG,True,English,USA,Sylvester Stallone,NA,8.1,John G. Avildsen,03 Dec 1976,"Sylvester Stallone, Talia Shire, Burt Young, Carl Weathers","Drama, Sport",Won 3 Oscars. Another 17 wins & 20 nominations.,119 min,movie,http://ia.media-imdb.com/images/M/MV5BMTY5MDMzODUyOF5BMl5BanBnXkFtZTcwMTQ3NTMyNA@@._V1_SX300.jpg,"242,348",NA
1976,tt0075222,Silent Movie,notalk,notalk,FAIL,4400000,36145695,36145695,1976FAIL,18004040,147901939,147901939,NA,NA,0075222,A film director and his strange friends struggle to produce the first major silent feature film in forty years.,PG,True,N/A,USA,"Mel Brooks (screenplay), Ron Clark (screenplay), Rudy De Luca (screenplay), Barry Levinson (screenplay), Ron Clark (story)",NA,6.6,Mel Brooks,16 Jun 1976,"Mel Brooks, Marty Feldman, Dom DeLuise, Sid Caesar",Comedy,Nominated for 4 Golden Globes. Another 1 win & 1 nomination.,87 min,movie,http://ia.media-imdb.com/images/M/MV5BMTQzNDY4NjE4NF5BMl5BanBnXkFtZTcwODQyNjQzMQ@@._V1_SX300.jpg,"9,951",NA
1976,tt0075249,Sparkle,ok,ok,PASS,10000000,24397469,24660323,1976PASS,40918272,99830228,100905781,NA,NA,0075249,A girl group experiences turmoil after one of their members turns to drugs and another achieves their desired fame all by herself.,PG,True,English,USA,"Howard Rosenman (story), Joel Schumacher",NA,7.1,Sam O'Steen,07 Apr 1976,"Philip Michael Thomas, Irene Cara, Lonette McKee, Dwan Smith","Drama, Music",N/A,98 min,movie,http://ia.media-imdb.com/images/M/MV5BMjEzNjk1MDY4Nl5BMl5BanBnXkFtZTcwMDIyNjA0MQ@@._V1_SX300.jpg,853,NA
1976,tt0075314,Taxi Driver,notalk,notalk,FAIL,1000000,28262574,28262574,1976FAIL,4091827,115645570,115645570,NA,NA,0075314,"A mentally unstable Vietnam war veteran works as a night-time taxi driver in New York City where the perceived decadence and sleaze feeds his urge for violent action, attempting to save a preadolescent prostitute in the process.",R,True,"English, Spanish",USA,Paul Schrader,93,8.4,Martin Scorsese,08 Feb 1976,"Diahnne Abbott, Frank Adu, Victor Argo, Gino Ardito","Crime, Drama",Nominated for 4 Oscars. Another 26 wins & 9 nominations.,113 min,movie,http://ia.media-imdb.com/images/M/MV5BMTQ1Nzg3MDQwN15BMl5BanBnXkFtZTcwNDE2NDU2MQ@@._V1_SX300.jpg,"351,083",NA
1975,tt0072684,Barry Lyndon,notalk,notalk,FAIL,11000000,20000000,20000000,1975FAIL,47609104,86562007,86562007,NA,NA,0072684,An Irish rogue wins the heart of a rich widow and assumes her dead husband's aristocratic position in 18th-century England.,PG,True,"English, German, French","UK, USA","Stanley Kubrick (written for the screen by), William Makepeace Thackeray (novel)",NA,8.1,Stanley Kubrick,18 Dec 1975,"Ryan O'Neal, Marisa Berenson, Patrick Magee, Hardy Krüger",Drama,Won 4 Oscars. Another 15 wins & 11 nominations.,184 min,movie,http://ia.media-imdb.com/images/M/MV5BMTczNzkyMjQ4N15BMl5BanBnXkFtZTcwOTQ2NjU4Mw@@._V1_SX300.jpg,"74,769",NA
1975,tt0073195,Jaws,notalk,notalk,FAIL,12000000,260000000,470700000,1975FAIL,51937204,1125306085,2037236823,NA,NA,0073195,"When a gigantic great white shark begins to menace the small island community of Amity, a police chief, a marine scientist and grizzled fisherman set out to stop it.",PG,True,English,USA,"Peter Benchley (screenplay), Carl Gottlieb (screenplay), Peter Benchley (novel)",79,8.1,Steven Spielberg,20 Jun 1975,"Roy Scheider, Robert Shaw, Richard Dreyfuss, Lorraine Gary","Adventure, Horror, Thriller",Won 3 Oscars. Another 9 wins & 14 nominations.,124 min,movie,http://ia.media-imdb.com/images/M/MV5BNDcxODkyMjY4MF5BMl5BanBnXkFtZTgwOTk5NTc5MDE@._V1_SX300.jpg,"290,173",NA
1975,tt0071853,Monty Python and the Holy Grail,men,men,FAIL,400000,3427696,5028948,1975FAIL,1731240,14835412,21765791,NA,NA,0071853,"King Arthur and his knights embark on a low-budget search for the Grail, encountering many very silly obstacles.",PG,True,"English, French, Latin",UK,"Graham Chapman, John Cleese, Eric Idle, Terry Gilliam, Terry Jones, Michael Palin",90,8.4,"Terry Gilliam, Terry Jones",25 May 1975,"Graham Chapman, John Cleese, Eric Idle, Terry Gilliam","Adventure, Comedy, Fantasy",2 nominations.,91 min,movie,http://ia.media-imdb.com/images/M/MV5BMTkzODczMTgwM15BMl5BanBnXkFtZTYwNTAwODI5._V1_SX300.jpg,"284,261",NA
1975,tt0073486,One Flew Over the Cuckoo&#39;s Nest,men,men,FAIL,4400000,108981275,108981275,1975FAIL,19043641,471681892,471681892,NA,NA,0073486,NA,NA,NA,NA,NA,NA,NA,NA,NA,NA,NA,NA,NA,NA,NA,NA,NA,NA
1975,tt0073629,The Rocky Horror Picture Show,dubious-disagree,dubious,FAIL,1200000,139876417,139876417,1975FAIL,5193720,605399166,605399166,NA,NA,0073629,A newly engaged couple have a breakdown in an isolated area and must pay a call to the bizarre residence of Dr. Frank-N-Furter.,R,True,English,"UK, USA","Richard O'Brien (original musical play), Jim Sharman (screenplay), Richard O'Brien (screenplay)",58,7.4,Jim Sharman,31 Aug 1975,"Tim Curry, Susan Sarandon, Barry Bostwick, Richard O'Brien","Comedy, Musical",2 wins & 4 nominations.,100 min,movie,http://ia.media-imdb.com/images/M/MV5BMjE5NDc0NjE2NF5BMl5BanBnXkFtZTcwMTE4MTI3NA@@._V1_SX300.jpg,"79,895",NA
1974,tt0071222,Black Christmas,ok,ok,PASS,9000000,16235738,16235738,1974PASS,42513535,76693179,76693179,NA,NA,0071222,A sorority house is terrorized by a stranger who makes frightening phone calls and then murders the sorority sisters during Christmas break.,R,True,English,Canada,Roy Moore (screenplay),NA,7.3,Bob Clark,20 Dec 1974,"Olivia Hussey, Keir Dullea, Margot Kidder, John Saxon","Horror, Mystery, Thriller",2 wins & 2 nominations.,98 min,movie,http://ia.media-imdb.com/images/M/MV5BMTkwMjg3ODgzNV5BMl5BanBnXkFtZTcwMjE5NzAyMQ@@._V1_SX300.jpg,"17,367",NA
1974,tt0071230,Blazing Saddles,notalk,notalk,FAIL,2600000,119500000,119500000,1974FAIL,12281688,564485269,564485269,NA,NA,0071230,"To ruin a western town, a corrupt political boss appoints a black sheriff, who promptly becomes his most formidable adversary.",R,True,"English, Yiddish, German",USA,"Mel Brooks (screenplay), Norman Steinberg (screenplay), Andrew Bergman (screenplay), Richard Pryor (screenplay), Alan Uger (screenplay), Andrew Bergman (story)",NA,7.8,Mel Brooks,07 Feb 1974,"Cleavon Little, Gene Wilder, Slim Pickens, Harvey Korman","Comedy, Western",Nominated for 3 Oscars. Another 2 wins & 2 nominations.,93 min,movie,http://ia.media-imdb.com/images/M/MV5BMTcyMzQ0MjQ5MF5BMl5BanBnXkFtZTYwOTczNjA5._V1_SX300.jpg,"74,209",NA
1974,tt0071360,The Conversation,notalk,notalk,FAIL,1600000,4420000,4420000,1974FAIL,7557962,20878869,20878869,NA,NA,0071360,"A paranoid, secretive surveillance expert has a crisis of conscience when he suspects that a couple he is spying on will be murdered.",PG,True,English,USA,Francis Ford Coppola,86,8,Francis Ford Coppola,01 Jun 1974,"Gene Hackman, John Cazale, Allen Garfield, Frederic Forrest","Drama, Mystery, Thriller",Nominated for 3 Oscars. Another 14 wins & 11 nominations.,113 min,movie,http://ia.media-imdb.com/images/M/MV5BMjY0NjYzNjkwNF5BMl5BanBnXkFtZTcwNTk3MzU3Mg@@._V1_SX300.jpg,"59,858",NA
1974,tt0071562,The Godfather: Part II,ok,ok,PASS,13000000,57300000,57300000,1974PASS,61408439,270669505,270669505,NA,NA,0071562,"The early life and career of Vito Corleone in 1920s New York is portrayed while his son, Michael, expands and tightens his grip on his crime syndicate stretching from Lake Tahoe, Nevada to pre-revolution 1958 Cuba.",R,True,"English, Italian, Spanish, Latin, Sicilian",USA,"Francis Ford Coppola (screenplay), Mario Puzo (screenplay), Mario Puzo (based on the novel ""The Godfather"" by)",80,9.1,Francis Ford Coppola,20 Dec 1974,"Al Pacino, Robert Duvall, Diane Keaton, Robert De Niro","Crime, Drama",Won 6 Oscars. Another 11 wins & 16 nominations.,200 min,movie,http://ia.media-imdb.com/images/M/MV5BNDc2NTM3MzU1Nl5BMl5BanBnXkFtZTcwMTA5Mzg3OA@@._V1_SX300.jpg,"540,581",NA
1974,tt0072271,The Texas Chain Saw Massacre,notalk,notalk,FAIL,140000,26572439,26572439,1974FAIL,661322,125520924,125520924,NA,NA,0072271,Five friends visiting their grandfather's house in the country are hunted and terrorized by a chain-saw wielding killer and his family of grave-robbing cannibals.,R,True,English,USA,"Kim Henkel (story), Tobe Hooper (story)",75,7.5,Tobe Hooper,01 Oct 1974,"Marilyn Burns, Allen Danziger, Paul A. Partain, William Vail",Horror,1 win.,83 min,movie,http://ia.media-imdb.com/images/M/MV5BMTIwNjQ2MzUyMF5BMl5BanBnXkFtZTYwMTMyNjk4._V1_SX300.jpg,"72,457",NA
1974,tt0072308,The Towering Inferno,notalk,notalk,FAIL,140000,26572439,26572439,1974FAIL,661322,125520924,125520924,NA,NA,0072308,"At the opening party of a collosal, but poorly constructed, office building, a massive fire breaks out that threatens to destroy the tower and everyone in it.",PG,True,English,USA,"Richard Martin Stern (novel), Thomas N. Scortia (novel), Frank M. Robinson (novel), Stirling Silliphant (screenplay)",NA,6.9,John Guillermin,14 Dec 1974,"Steve McQueen, Paul Newman, William Holden, Faye Dunaway",Action,Won 3 Oscars. Another 9 wins & 13 nominations.,165 min,movie,http://ia.media-imdb.com/images/M/MV5BMTc3ODUwMzU4OF5BMl5BanBnXkFtZTcwNjYzNzIzMQ@@._V1_SX300.jpg,"24,571",NA
1974,tt0072431,Young Frankenstein,men,men,FAIL,2800000,86300000,86300000,1974FAIL,13226433,407657562,407657562,NA,NA,0072431,"Dr. Frankenstein's grandson, after years of living down the family reputation, inherits granddad's castle and repeats the experiments.",PG,True,"English, German",USA,"Gene Wilder (screen story and screenplay), Mel Brooks (screen story and screenplay), Mary Shelley (novel)",NA,8.1,Mel Brooks,15 Dec 1974,"Gene Wilder, Peter Boyle, Marty Feldman, Madeline Kahn",Comedy,Nominated for 2 Oscars. Another 10 wins & 4 nominations.,106 min,movie,http://ia.media-imdb.com/images/M/MV5BMTc2MzgwNjAzNV5BMl5BanBnXkFtZTcwNTUyNjQzMQ@@._V1_SX300.jpg,"92,291",NA
1973,tt0069704,American Graffiti,men,men,FAIL,777000,115000000,140000000,1973FAIL,4074506,603047833,734145189,NA,NA,0069704,A couple of high school grads spend one final night cruising the strip with their buddies before they go off to college.,PG,True,English,USA,"George Lucas, Gloria Katz, Willard Huyck",NA,7.5,George Lucas,11 Aug 1973,"Richard Dreyfuss, Ron Howard, Paul Le Mat, Charles Martin Smith","Comedy, Drama",Nominated for 5 Oscars. Another 8 wins & 6 nominations.,110 min,movie,http://ia.media-imdb.com/images/M/MV5BMjI5NjM5MjIyNF5BMl5BanBnXkFtZTgwNjg2MTUxMDE@._V1_SX300.jpg,"53,010",NA
1973,tt0068699,High Plains Drifter,notalk,notalk,FAIL,15700000,15700000,15700000,1973FAIL,82329139,82329139,82329139,NA,NA,0068699,A gunfighting stranger comes to the small settlement of Lago and is hired to bring the townsfolk together in an attempt to hold off three outlaws who are on their way.,R,True,English,USA,Ernest Tidyman,NA,7.7,Clint Eastwood,22 Aug 1973,"Clint Eastwood, Verna Bloom, Marianna Hill, Mitch Ryan",Western,N/A,105 min,movie,http://ia.media-imdb.com/images/M/MV5BMTUwMjcxNTM0OF5BMl5BanBnXkFtZTcwODY1MTkxMQ@@._V1_SX300.jpg,"26,732",NA
1973,tt0070707,Sleeper,notalk,notalk,FAIL,2000000,18344729,18344729,1973FAIL,10487788,96197818,96197818,NA,NA,0070707,A nerdish store owner is revived out of cryostasis into a future world to fight an oppressive government.,PG,True,"English, Yiddish",USA,"Woody Allen, Marshall Brickman",NA,7.3,Woody Allen,17 Dec 1973,"Woody Allen, Diane Keaton, John Beck, Mary Gregory","Comedy, Sci-Fi",2 wins & 2 nominations.,89 min,movie,http://ia.media-imdb.com/images/M/MV5BMTUzMzY1MzI3Nl5BMl5BanBnXkFtZTcwOTM4OTYwNA@@._V1_SX300.jpg,"26,914",NA
1973,tt0070047,The Exorcist,ok,ok,PASS,12000000,204868002,402735134,1973PASS,62926730,1074306128,2111900435,NA,NA,0070047,"When a teenage girl is possessed by a mysterious entity, her mother seeks the help of two priests to save her daughter.",R,True,"English, Latin, Greek, French, German, Arabic",USA,"William Peter Blatty (written for the screen by), William Peter Blatty (novel)",82,8,William Friedkin,26 Dec 1973,"Ellen Burstyn, Max von Sydow, Lee J. Cobb, Kitty Winn",Horror,Won 2 Oscars. Another 13 wins & 14 nominations.,122 min,movie,http://ia.media-imdb.com/images/M/MV5BNzYwMDA0NTA3M15BMl5BanBnXkFtZTcwMDcwNDY3Mg@@._V1_SX300.jpg,"229,913",NA
1973,tt0070735,The Sting,notalk,notalk,FAIL,5500000,159616327,159616327,1973FAIL,28841418,837011132,837011132,NA,NA,0070735,"In 1930s Chicago, a young con man seeking revenge for his murdered partner teams up with a master of the big con to win a fortune from a criminal banker.",PG,True,English,USA,David S. Ward,NA,8.4,George Roy Hill,26 Dec 1973,"Paul Newman, Robert Redford, Robert Shaw, Charles Durning","Comedy, Crime, Drama",Won 7 Oscars. Another 10 wins & 6 nominations.,129 min,movie,"http://ia.media-imdb.com/images/M/MV5BMTY5MjM1OTAyOV5BMl5BanBnXkFtZTgwMDkwODg4MDE@._V1._CR52,57,915,1388_SX89_.jpg_V1_SX300.jpg","127,707",NA
1972,tt0068156,1776,notalk,notalk,FAIL,4000000,#N/A,#N/A,1972FAIL,22288557,#N/A,#N/A,NA,NA,0068156,A musical retelling of the American Revolution's political struggle in the Continental Congress to declare independence.,PG,True,English,USA,"Sherman Edwards (play), Peter Stone (play), Peter Stone (screenplay)",NA,7.6,Peter H. Hunt,17 Nov 1972,"William Daniels, Howard Da Silva, Ken Howard, Donald Madden","Drama, Family, History",Nominated for 1 Oscar. Another 1 win & 1 nomination.,142 min,movie,http://ia.media-imdb.com/images/M/MV5BMTI5MDQxNjg0MF5BMl5BanBnXkFtZTcwNDYwNzMyMQ@@._V1_SX300.jpg,"5,524",NA
1972,tt0069089,Pink Flamingos,ok,ok,PASS,12000,413802,413802,1972PASS,66866,2305762,2305762,NA,NA,0069089,"Notorious Baltimore criminal and underground figure Divine goes up against Connie & Raymond Marble, a sleazy married couple who make a passionate attempt to humiliate her and seize her tabloid-given title as ""The Filthiest Person Alive"".",NC-17,True,English,USA,John Waters,NA,6.1,John Waters,01 Oct 1979,"Divine, David Lochary, Mary Vivian Pearce, Mink Stole","Comedy, Crime, Horror",N/A,93 min,movie,http://ia.media-imdb.com/images/M/MV5BMTc0OTMzNzAxN15BMl5BanBnXkFtZTYwNDgxMTg4._V1_SX300.jpg,"13,277",NA
1972,tt0068646,The Godfather,notalk-disagree,notalk,FAIL,7000000,134966411,268500000,1972FAIL,39004975,752051643,1496119403,NA,NA,0068646,The aging patriarch of an organized crime dynasty transfers control of his clandestine empire to his reluctant son.,R,True,"English, Italian, Latin",USA,"Mario Puzo (screenplay), Francis Ford Coppola (screenplay), Mario Puzo (novel)",100,9.2,Francis Ford Coppola,24 Mar 1972,"Marlon Brando, Al Pacino, James Caan, Richard S. Castellano","Crime, Drama",Won 3 Oscars. Another 29 wins & 19 nominations.,175 min,movie,http://ia.media-imdb.com/images/M/MV5BMjEyMjcyNDI4MF5BMl5BanBnXkFtZTcwMDA5Mzg3OA@@._V1_SX300.jpg,"820,387",NA
1971,tt0067065,Escape from the Planet of the Apes,notalk,notalk,FAIL,2500000,12300000,12300000,1971FAIL,14386286,70780525,70780525,NA,NA,0067065,"The world is shocked by the appearance of two talking chimpanzees, who arrived mysteriously in a U.S. spacecraft. They become the toast of society; but one man believes them to be a threat to the human race.",G,True,English,USA,"Paul Dehn, Pierre Boulle (characters creator)",NA,6.2,Don Taylor,21 May 1971,"Roddy McDowall, Kim Hunter, Bradford Dillman, Natalie Trundy","Action, Sci-Fi",N/A,98 min,movie,http://ia.media-imdb.com/images/M/MV5BNjg2MjY0NDMwM15BMl5BanBnXkFtZTcwNjQ0NzA0MQ@@._V1_SX300.jpg,"16,126",NA
1971,tt0067741,Shaft,notalk,notalk,FAIL,53012938,70327868,107190108,1971FAIL,305063707,404702718,616827003,NA,NA,0067741,Cool black private eye John Shaft is hired by a crime lord to find and retrieve his kidnapped daughter.,R,True,English,USA,"Ernest Tidyman (screenplay), John D.F. Black (screenplay), Ernest Tidyman (novel)",NA,6.6,Gordon Parks,02 Jul 1971,"Richard Roundtree, Moses Gunn, Charles Cioffi, Christopher St. John","Action, Crime, Thriller",Won 1 Oscar. Another 4 wins & 4 nominations.,100 min,movie,http://ia.media-imdb.com/images/M/MV5BMTIwNzQyMTg5OV5BMl5BanBnXkFtZTYwNzQzMzk4._V1_SX300.jpg,"10,275",NA
1971,tt0067800,Straw Dogs,notalk,notalk,FAIL,25000000,10324441,11253821,1971FAIL,143862856,59412143,64760273,NA,NA,0067800,A young American and his English wife come to rural England and face increasingly vicious local harassment.,R,True,English,"USA, UK","David Zelag Goodman (screenplay), Sam Peckinpah (screenplay), Gordon Williams (novel)",NA,7.6,Sam Peckinpah,29 Dec 1971,"Dustin Hoffman, Susan George, Peter Vaughan, T.P. McKenna",Thriller,Nominated for 1 Oscar. Another 1 win.,118 min,movie,http://ia.media-imdb.com/images/M/MV5BMTI4NDY3MTYwMV5BMl5BanBnXkFtZTYwNDkyNDg5._V1_SX300.jpg,"37,726",NA
1971,tt0067116,The French Connection,notalk,notalk,FAIL,2200000,41158757,41158757,1971FAIL,12659931,236848653,236848653,NA,NA,0067116,A pair of NYC cops in the Narcotics Bureau stumble onto a drug smuggling job with a French connection.,R,True,"English, French",USA,"Ernest Tidyman (screenplay), Robin Moore (based on the book by)",96,7.8,William Friedkin,09 Oct 1971,"Gene Hackman, Fernando Rey, Roy Scheider, Tony Lo Bianco","Action, Crime, Thriller",Won 5 Oscars. Another 18 wins & 8 nominations.,104 min,movie,http://ia.media-imdb.com/images/M/MV5BMTY5Nzg5OTIzOF5BMl5BanBnXkFtZTcwMDI5NDA0MQ@@._V1_SX300.jpg,"62,153",NA
1971,tt0067992,Willy Wonka &amp; the Chocolate Factory,men-disagree,men,FAIL,3000000,4000000,4000000,1971FAIL,17263543,23018057,23018057,NA,NA,0067992,NA,NA,NA,NA,NA,NA,NA,NA,NA,NA,NA,NA,NA,NA,NA,NA,NA,NA
